Project,Version,Mode,Total_Tests,Unique_Tests,Filtered_Duplicates,Reduction_Rate
Compress,30b,SeqC,1637,47,1590,97.13%
Compress,30b,SeqP,416,24,392,94.23%
Compress,32b,SeqC,538,133,405,75.28%
Compress,32b,SeqP,1959,72,1887,96.32%
Compress,31b,SeqC,2663,128,2535,95.19%
Compress,31b,SeqP,2335,81,2254,96.53%
Compress,5b,SeqC,1091,75,1016,93.13%
Compress,5b,SeqP,2180,2,2178,99.91%
Compress,10b,SeqC,5293,56,5237,98.94%
Compress,10b,SeqP,515,12,503,97.67%
Compress,43b,SeqC,678,168,510,75.22%
Compress,43b,SeqP,1339,69,1270,94.85%
Compress,21b,SeqC,3124,36,3088,98.85%
Compress,21b,SeqP,9,1,8,88.89%
Compress,16b,SeqC,915,30,885,96.72%
Compress,16b,SeqP,2285,4,2281,99.82%
Compress,2b,SeqC,1216,62,1154,94.90%
Compress,2b,SeqP,2747,1,2746,99.96%
Compress,18b,SeqC,928,114,814,87.72%
Compress,18b,SeqP,3787,10,3777,99.74%
Compress,45b,SeqC,2725,127,2598,95.34%
Compress,45b,SeqP,2326,75,2251,96.78%
Compress,47b,SeqP,1589,60,1529,96.22%
Compress,46b,SeqC,640,118,522,81.56%
Compress,46b,SeqP,2114,58,2056,97.26%
Compress,38b,SeqC,1602,202,1400,87.39%
Compress,38b,SeqP,2209,51,2158,97.69%
Compress,40b,SeqC,3637,13,3624,99.64%
Compress,40b,SeqP,3901,24,3877,99.38%
Compress,17b,SeqC,658,107,551,83.74%
Compress,17b,SeqP,2522,43,2479,98.30%
Compress,25b,SeqC,719,92,627,87.20%
Compress,25b,SeqP,3567,11,3556,99.69%
Compress,34b,SeqC,586,48,538,91.81%
Compress,34b,SeqP,2568,48,2520,98.13%
Compress,28b,SeqC,507,135,372,73.37%
Compress,28b,SeqP,3468,19,3449,99.45%
Compress,42b,SeqC,1511,328,1183,78.29%
Compress,42b,SeqP,2195,50,2145,97.72%
Compress,13b,SeqC,2574,256,2318,90.05%
Compress,13b,SeqP,2293,13,2280,99.43%
Compress,39b,SeqC,1648,53,1595,96.78%
Compress,39b,SeqP,2364,51,2313,97.84%
Compress,8b,SeqC,3129,112,3017,96.42%
Compress,8b,SeqP,1716,29,1687,98.31%
Compress,35b,SeqC,2522,112,2410,95.56%
Compress,35b,SeqP,2469,83,2386,96.64%
Compress,29b,SeqC,1043,230,813,77.95%
Compress,29b,SeqP,3107,20,3087,99.36%
Compress,14b,SeqC,2997,144,2853,95.20%
Compress,14b,SeqP,2518,34,2484,98.65%
Compress,12b,SeqC,1130,92,1038,91.86%
Compress,12b,SeqP,3214,9,3205,99.72%
Compress,15b,SeqC,2634,239,2395,90.93%
Compress,15b,SeqP,2209,16,2193,99.28%
Compress,1b,SeqC,1329,78,1251,94.13%
Compress,1b,SeqP,2160,1,2159,99.95%
Compress,24b,SeqC,2230,132,2098,94.08%
Compress,24b,SeqP,2181,48,2133,97.80%
Compress,7b,SeqC,3275,95,3180,97.10%
Compress,7b,SeqP,1584,28,1556,98.23%
Compress,33b,SeqC,3233,93,3140,97.12%
Compress,33b,SeqP,4438,26,4412,99.41%
Compress,26b,SeqC,529,80,449,84.88%
Compress,26b,SeqP,3484,31,3453,99.11%
Compress,36b,SeqC,1062,38,1024,96.42%
Compress,36b,SeqP,862,33,829,96.17%
Compress,6b,SeqC,2590,262,2328,89.88%
Compress,6b,SeqP,1881,9,1872,99.52%
Compress,37b,SeqC,521,148,373,71.59%
Compress,37b,SeqP,2010,73,1937,96.37%
Compress,19b,SeqC,768,184,584,76.04%
Compress,19b,SeqP,2436,27,2409,98.89%
Compress,41b,SeqC,812,105,707,87.07%
Compress,41b,SeqP,1585,65,1520,95.90%
Compress,20b,SeqC,787,106,681,86.53%
Compress,20b,SeqP,3233,4,3229,99.88%
Compress,22b,SeqC,1908,42,1866,97.80%
Compress,22b,SeqP,697,4,693,99.43%
Compress,44b,SeqC,463,27,436,94.17%
Compress,44b,SeqP,84,5,79,94.05%
Compress,3b,SeqC,935,135,800,85.56%
Compress,3b,SeqP,1749,5,1744,99.71%
Compress,9b,SeqC,1120,143,977,87.23%
Compress,9b,SeqP,3006,7,2999,99.77%
Compress,4b,SeqC,1157,181,976,84.36%
Compress,4b,SeqP,1695,5,1690,99.71%
Compress,11b,SeqC,874,29,845,96.68%
Compress,11b,SeqP,2121,3,2118,99.86%
Compress,27b,SeqC,2164,145,2019,93.30%
Compress,27b,SeqP,2358,46,2312,98.05%
JacksonCore,5b,SeqC,2335,20,2315,99.14%
JacksonCore,5b,SeqP,26,2,24,92.31%
JacksonCore,10b,SeqC,5237,21,5216,99.60%
JacksonCore,10b,SeqP,1336,63,1273,95.28%
JacksonCore,21b,SeqC,1204,143,1061,88.12%
JacksonCore,21b,SeqP,120,1,119,99.17%
JacksonCore,23b,SeqC,884,61,823,93.10%
JacksonCore,23b,SeqP,1606,51,1555,96.82%
JacksonCore,16b,SeqC,2596,12,2584,99.54%
JacksonCore,16b,SeqP,1,1,0,0.00%
JacksonCore,2b,SeqC,2359,413,1946,82.49%
JacksonCore,2b,SeqP,1647,44,1603,97.33%
JacksonCore,18b,SeqC,3333,219,3114,93.43%
JacksonCore,18b,SeqP,1764,65,1699,96.32%
JacksonCore,17b,SeqC,4192,61,4131,98.54%
JacksonCore,17b,SeqP,2278,70,2208,96.93%
JacksonCore,25b,SeqC,3,2,1,33.33%
JacksonCore,25b,SeqP,2158,48,2110,97.78%
JacksonCore,13b,SeqC,4988,76,4912,98.48%
JacksonCore,13b,SeqP,1277,30,1247,97.65%
JacksonCore,8b,SeqC,1706,89,1617,94.78%
JacksonCore,8b,SeqP,982,70,912,92.87%
JacksonCore,14b,SeqC,1734,74,1660,95.73%
JacksonCore,14b,SeqP,1039,55,984,94.71%
JacksonCore,12b,SeqC,237,141,96,40.51%
JacksonCore,12b,SeqP,1112,55,1057,95.05%
JacksonCore,15b,SeqC,1310,158,1152,87.94%
JacksonCore,15b,SeqP,120,1,119,99.17%
JacksonCore,1b,SeqC,1325,74,1251,94.42%
JacksonCore,1b,SeqP,841,58,783,93.10%
JacksonCore,24b,SeqC,765,303,462,60.39%
JacksonCore,24b,SeqP,2144,55,2089,97.43%
JacksonCore,7b,SeqC,306,36,270,88.24%
JacksonCore,7b,SeqP,719,37,682,94.85%
JacksonCore,26b,SeqC,386,67,319,82.64%
JacksonCore,26b,SeqP,2582,59,2523,97.71%
JacksonCore,6b,SeqC,2222,26,2196,98.83%
JacksonCore,6b,SeqP,34,2,32,94.12%
JacksonCore,19b,SeqC,282,161,121,42.91%
JacksonCore,19b,SeqP,2116,68,2048,96.79%
JacksonCore,20b,SeqC,1637,230,1407,85.95%
JacksonCore,20b,SeqP,1620,47,1573,97.10%
JacksonCore,22b,SeqC,1176,146,1030,87.59%
JacksonCore,22b,SeqP,55,1,54,98.18%
JacksonCore,3b,SeqC,2216,380,1836,82.85%
JacksonCore,3b,SeqP,1305,37,1268,97.16%
JacksonCore,9b,SeqC,731,211,520,71.14%
JacksonCore,9b,SeqP,1606,69,1537,95.70%
JacksonCore,4b,SeqC,1569,109,1460,93.05%
JacksonCore,4b,SeqP,728,56,672,92.31%
JacksonCore,11b,SeqC,2974,76,2898,97.44%
JacksonCore,11b,SeqP,831,56,775,93.26%
Lang,30b,SeqC,78,49,29,37.18%
Lang,30b,SeqP,76,24,52,68.42%
Lang,59b,SeqC,1252,91,1161,92.73%
Lang,59b,SeqP,2092,56,2036,97.32%
Lang,32b,SeqC,4662,38,4624,99.18%
Lang,32b,SeqP,0,0,0,0.00%
Lang,49b,SeqC,5261,59,5202,98.88%
Lang,49b,SeqP,3348,79,3269,97.64%
Lang,60b,SeqC,1316,84,1232,93.62%
Lang,60b,SeqP,1885,51,1834,97.29%
Lang,31b,SeqC,67,51,16,23.88%
Lang,31b,SeqP,84,23,61,72.62%
Lang,5b,SeqC,1343,13,1330,99.03%
Lang,5b,SeqP,126,12,114,90.48%
Lang,10b,SeqC,723,47,676,93.50%
Lang,10b,SeqP,127,13,114,89.76%
Lang,43b,SeqC,2717,79,2638,97.09%
Lang,43b,SeqP,1450,17,1433,98.83%
Lang,21b,SeqC,2091,192,1899,90.82%
Lang,21b,SeqP,407,7,400,98.28%
Lang,23b,SeqC,1690,65,1625,96.15%
Lang,23b,SeqP,968,12,956,98.76%
Lang,16b,SeqC,1251,45,1206,96.40%
Lang,16b,SeqP,955,39,916,95.92%
Lang,48b,SeqC,191,4,187,97.91%
Lang,48b,SeqP,11,5,6,54.55%
Lang,18b,SeqC,2328,180,2148,92.27%
Lang,18b,SeqP,127,16,111,87.40%
Lang,45b,SeqC,185,3,182,98.38%
Lang,45b,SeqP,619,5,614,99.19%
Lang,47b,SeqC,1222,95,1127,92.23%
Lang,47b,SeqP,1912,51,1861,97.33%
Lang,46b,SeqC,596,15,581,97.48%
Lang,46b,SeqP,1351,5,1346,99.63%
Lang,38b,SeqC,725,144,581,80.14%
Lang,38b,SeqP,230,19,211,91.74%
Lang,40b,SeqC,51,32,19,37.25%
Lang,40b,SeqP,75,21,54,72.00%
Lang,17b,SeqC,1342,18,1324,98.66%
Lang,17b,SeqP,659,16,643,97.57%
Lang,52b,SeqC,639,19,620,97.03%
Lang,52b,SeqP,934,3,931,99.68%
Lang,25b,SeqC,407,1,406,99.75%
Lang,25b,SeqP,12,1,11,91.67%
Lang,34b,SeqC,1223,94,1129,92.31%
Lang,34b,SeqP,1011,4,1007,99.60%
Lang,63b,SeqC,754,15,739,98.01%
Lang,63b,SeqP,622,6,616,99.04%
Lang,42b,SeqC,3215,22,3193,99.32%
Lang,42b,SeqP,537,1,536,99.81%
Lang,65b,SeqC,2010,77,1933,96.17%
Lang,65b,SeqP,0,0,0,0.00%
Lang,58b,SeqC,1526,33,1493,97.84%
Lang,58b,SeqP,857,37,820,95.68%
Lang,13b,SeqC,2693,6,2687,99.78%
Lang,13b,SeqP,773,2,771,99.74%
Lang,64b,SeqC,8067,7,8060,99.91%
Lang,64b,SeqP,64,1,63,98.44%
Lang,39b,SeqC,54,39,15,27.78%
Lang,39b,SeqP,63,20,43,68.25%
Lang,8b,SeqC,755,76,679,89.93%
Lang,8b,SeqP,123,16,107,86.99%
Lang,35b,SeqC,571,35,536,93.87%
Lang,35b,SeqP,179,36,143,79.89%
Lang,29b,SeqC,0,0,0,0.00%
Lang,29b,SeqP,398,23,375,94.22%
Lang,61b,SeqC,1036,105,931,89.86%
Lang,61b,SeqP,2159,48,2111,97.78%
Lang,14b,SeqC,39,28,11,28.21%
Lang,14b,SeqP,129,34,95,73.64%
Lang,12b,SeqC,1420,31,1389,97.82%
Lang,12b,SeqP,69,7,62,89.86%
Lang,53b,SeqC,2769,108,2661,96.10%
Lang,53b,SeqP,0,0,0,0.00%
Lang,15b,SeqC,5722,27,5695,99.53%
Lang,15b,SeqP,0,0,0,0.00%
Lang,1b,SeqC,1527,64,1463,95.81%
Lang,1b,SeqP,1484,66,1418,95.55%
Lang,50b,SeqC,562,79,483,85.94%
Lang,50b,SeqP,62,14,48,77.42%
Lang,24b,SeqC,2036,43,1993,97.89%
Lang,24b,SeqP,2456,38,2418,98.45%
Lang,7b,SeqC,1755,55,1700,96.87%
Lang,7b,SeqP,1236,46,1190,96.28%
Lang,33b,SeqC,2157,43,2114,98.01%
Lang,33b,SeqP,1213,28,1185,97.69%
Lang,26b,SeqC,1481,145,1336,90.21%
Lang,26b,SeqP,134,18,116,86.57%
Lang,36b,SeqC,2143,33,2110,98.46%
Lang,36b,SeqP,2530,33,2497,98.70%
Lang,6b,SeqC,1931,34,1897,98.24%
Lang,6b,SeqP,938,18,920,98.08%
Lang,37b,SeqC,546,62,484,88.64%
Lang,37b,SeqP,239,34,205,85.77%
Lang,19b,SeqC,5608,7,5601,99.88%
Lang,19b,SeqP,0,0,0,0.00%
Lang,41b,SeqC,2915,51,2864,98.25%
Lang,41b,SeqP,1481,27,1454,98.18%
Lang,20b,SeqC,106,55,51,48.11%
Lang,20b,SeqP,95,25,70,73.68%
Lang,22b,SeqC,5522,62,5460,98.88%
Lang,22b,SeqP,3733,79,3654,97.88%
Lang,55b,SeqC,5478,7,5471,99.87%
Lang,55b,SeqP,1,1,0,0.00%
Lang,44b,SeqC,4056,44,4012,98.92%
Lang,44b,SeqP,1021,37,984,96.38%
Lang,3b,SeqC,1520,65,1455,95.72%
Lang,3b,SeqP,1445,61,1384,95.78%
Lang,51b,SeqC,1183,11,1172,99.07%
Lang,51b,SeqP,707,10,697,98.59%
Lang,54b,SeqC,1167,16,1151,98.63%
Lang,54b,SeqP,75,9,66,88.00%
Lang,9b,SeqC,439,44,395,89.98%
Lang,9b,SeqP,122,14,108,88.52%
Lang,62b,SeqC,3072,25,3047,99.19%
Lang,62b,SeqP,574,1,573,99.83%
Lang,56b,SeqC,616,79,537,87.18%
Lang,56b,SeqP,104,18,86,82.69%
Lang,4b,SeqC,7066,8,7058,99.89%
Lang,4b,SeqP,0,0,0,0.00%
Lang,11b,SeqC,1978,31,1947,98.43%
Lang,11b,SeqP,219,19,200,91.32%
Lang,27b,SeqC,2157,45,2112,97.91%
Lang,27b,SeqP,2098,45,2053,97.86%
Time,5b,SeqC,646,115,531,82.20%
Time,5b,SeqP,2186,190,1996,91.31%
Time,10b,SeqC,1699,232,1467,86.34%
Time,10b,SeqP,2555,212,2343,91.70%
Time,23b,SeqC,1523,193,1330,87.33%
Time,23b,SeqP,3751,177,3574,95.28%
Time,16b,SeqC,976,120,856,87.70%
Time,16b,SeqP,3161,162,2999,94.88%
Time,2b,SeqC,1678,402,1276,76.04%
Time,2b,SeqP,2886,170,2716,94.11%
Time,18b,SeqC,683,41,642,94.00%
Time,18b,SeqP,2952,193,2759,93.46%
Time,17b,SeqC,1364,171,1193,87.46%
Time,17b,SeqP,3222,147,3075,95.44%
Time,25b,SeqC,1737,206,1531,88.14%
Time,25b,SeqP,4265,171,4094,95.99%
Time,13b,SeqC,283,14,269,95.05%
Time,13b,SeqP,2271,200,2071,91.19%
Time,8b,SeqC,1315,167,1148,87.30%
Time,8b,SeqP,2704,157,2547,94.19%
Time,14b,SeqC,719,133,586,81.50%
Time,14b,SeqP,3093,174,2919,94.37%
Time,12b,SeqC,895,212,683,76.31%
Time,12b,SeqP,2833,193,2640,93.19%
Time,15b,SeqC,800,94,706,88.25%
Time,15b,SeqP,1923,161,1762,91.63%
Time,1b,SeqC,1538,359,1179,76.66%
Time,1b,SeqP,2836,171,2665,93.97%
Time,24b,SeqC,1418,82,1336,94.22%
Time,24b,SeqP,3974,153,3821,96.15%
Time,7b,SeqC,1008,132,876,86.90%
Time,7b,SeqP,3320,145,3175,95.63%
Time,26b,SeqC,1542,264,1278,82.88%
Time,26b,SeqP,4164,173,3991,95.85%
Time,6b,SeqC,439,31,408,92.94%
Time,6b,SeqP,2585,192,2393,92.57%
Time,19b,SeqC,1495,194,1301,87.02%
Time,19b,SeqP,3639,164,3475,95.49%
Time,20b,SeqC,730,161,569,77.95%
Time,20b,SeqP,4135,150,3985,96.37%
Time,22b,SeqC,1057,61,996,94.23%
Time,22b,SeqP,2643,185,2458,93.00%
Time,3b,SeqC,1520,186,1334,87.76%
Time,3b,SeqP,3166,149,3017,95.29%
Time,9b,SeqC,1423,183,1240,87.14%
Time,9b,SeqP,2638,158,2480,94.01%
Time,4b,SeqC,2048,300,1748,85.35%
Time,4b,SeqP,3813,190,3623,95.02%
Time,11b,SeqC,5585,10,5575,99.82%
Time,11b,SeqP,0,0,0,0.00%
Time,27b,SeqC,316,10,306,96.84%
Time,27b,SeqP,3100,211,2889,93.19%
Chart,5b,SeqC,1407,120,1287,91.47%
Chart,5b,SeqP,383,73,310,80.94%
Chart,21b,SeqC,4093,79,4014,98.07%
Chart,21b,SeqP,2632,19,2613,99.28%
Chart,23b,SeqC,2385,25,2360,98.95%
Chart,23b,SeqP,22,2,20,90.91%
Chart,16b,SeqC,2070,65,2005,96.86%
Chart,16b,SeqP,6394,13,6381,99.80%
Chart,2b,SeqC,320,117,203,63.44%
Chart,2b,SeqP,682,104,578,84.75%
Chart,18b,SeqC,2168,100,2068,95.39%
Chart,18b,SeqP,2000,116,1884,94.20%
Chart,17b,SeqC,3265,313,2952,90.41%
Chart,17b,SeqP,1766,52,1714,97.06%
Chart,25b,SeqC,1789,35,1754,98.04%
Chart,25b,SeqP,18,3,15,83.33%
Chart,13b,SeqC,2131,125,2006,94.13%
Chart,13b,SeqP,499,49,450,90.18%
Chart,8b,SeqC,3008,24,2984,99.20%
Chart,8b,SeqP,1630,4,1626,99.75%
Chart,14b,SeqC,728,359,369,50.69%
Chart,14b,SeqP,814,109,705,86.61%
Chart,12b,SeqC,1456,102,1354,92.99%
Chart,12b,SeqP,581,63,518,89.16%
Chart,15b,SeqC,2831,319,2512,88.73%
Chart,15b,SeqP,404,61,343,84.90%
Chart,1b,SeqC,688,133,555,80.67%
Chart,1b,SeqP,569,99,470,82.60%
Chart,24b,SeqC,3435,10,3425,99.71%
Chart,24b,SeqP,2786,3,2783,99.89%
Chart,7b,SeqC,2911,77,2834,97.35%
Chart,7b,SeqP,3101,13,3088,99.58%
Chart,26b,SeqC,1120,268,852,76.07%
Chart,26b,SeqP,809,109,700,86.53%
Chart,6b,SeqC,412,20,392,95.15%
Chart,6b,SeqP,854,110,744,87.12%
Chart,19b,SeqC,461,218,243,52.71%
Chart,19b,SeqP,934,122,812,86.94%
Chart,20b,SeqC,1522,29,1493,98.09%
Chart,20b,SeqP,805,104,701,87.08%
Chart,22b,SeqC,2867,50,2817,98.26%
Chart,22b,SeqP,1239,22,1217,98.22%
Chart,3b,SeqC,2024,215,1809,89.38%
Chart,3b,SeqP,1524,58,1466,96.19%
Chart,9b,SeqC,2350,243,2107,89.66%
Chart,9b,SeqP,1306,49,1257,96.25%
Chart,4b,SeqC,781,454,327,41.87%
Chart,4b,SeqP,567,84,483,85.19%
Chart,11b,SeqC,1187,36,1151,96.97%
Chart,11b,SeqP,824,113,711,86.29%
Mockito,30b,SeqC,4153,118,4035,97.16%
Mockito,30b,SeqP,1242,86,1156,93.08%
Mockito,32b,SeqC,1199,2,1197,99.83%
Mockito,32b,SeqP,0,0,0,0.00%
Mockito,31b,SeqC,3244,5,3239,99.85%
Mockito,31b,SeqP,27,2,25,92.59%
Mockito,5b,SeqC,383,40,343,89.56%
Mockito,5b,SeqP,78,10,68,87.18%
Mockito,10b,SeqC,0,0,0,0.00%
Mockito,10b,SeqP,155,6,149,96.13%
Mockito,21b,SeqC,4059,2,4057,99.95%
Mockito,21b,SeqP,1,1,0,0.00%
Mockito,23b,SeqC,3765,13,3752,99.65%
Mockito,23b,SeqP,247,7,240,97.17%
Mockito,16b,SeqC,881,50,831,94.32%
Mockito,16b,SeqP,2552,132,2420,94.83%
Mockito,2b,SeqC,1286,2,1284,99.84%
Mockito,2b,SeqP,71,12,59,83.10%
Mockito,18b,SeqC,2723,1,2722,99.96%
Mockito,18b,SeqP,662,10,652,98.49%
Mockito,38b,SeqC,2245,3,2242,99.87%
Mockito,38b,SeqP,86,5,81,94.19%
Mockito,17b,SeqC,790,30,760,96.20%
Mockito,17b,SeqP,2257,107,2150,95.26%
Mockito,25b,SeqC,3369,10,3359,99.70%
Mockito,25b,SeqP,171,8,163,95.32%
Mockito,34b,SeqC,1097,57,1040,94.80%
Mockito,34b,SeqP,2113,108,2005,94.89%
Mockito,13b,SeqC,0,0,0,0.00%
Mockito,13b,SeqP,2021,110,1911,94.56%
Mockito,8b,SeqC,477,12,465,97.48%
Mockito,8b,SeqP,0,0,0,0.00%
Mockito,35b,SeqC,0,0,0,0.00%
Mockito,35b,SeqP,1058,42,1016,96.03%
Mockito,29b,SeqC,4618,3,4615,99.94%
Mockito,29b,SeqP,0,0,0,0.00%
Mockito,14b,SeqC,377,4,373,98.94%
Mockito,14b,SeqP,2224,117,2107,94.74%
Mockito,12b,SeqC,6570,1,6569,99.98%
Mockito,12b,SeqP,20,1,19,95.00%
Mockito,1b,SeqC,1104,112,992,89.86%
Mockito,1b,SeqP,2086,121,1965,94.20%
Mockito,24b,SeqC,2583,5,2578,99.81%
Mockito,24b,SeqP,227,7,220,96.92%
Mockito,7b,SeqC,501,12,489,97.60%
Mockito,7b,SeqP,0,0,0,0.00%
Mockito,33b,SeqC,909,82,827,90.98%
Mockito,33b,SeqP,1963,105,1858,94.65%
Mockito,26b,SeqC,269,1,268,99.63%
Mockito,26b,SeqP,1402,35,1367,97.50%
Mockito,36b,SeqC,1210,123,1087,89.83%
Mockito,36b,SeqP,1829,101,1728,94.48%
Mockito,6b,SeqC,0,0,0,0.00%
Mockito,6b,SeqP,1043,49,994,95.30%
Mockito,37b,SeqC,0,0,0,0.00%
Mockito,37b,SeqP,1916,33,1883,98.28%
Mockito,20b,SeqC,218,15,203,93.12%
Mockito,20b,SeqP,1794,49,1745,97.27%
Mockito,22b,SeqC,2638,7,2631,99.73%
Mockito,22b,SeqP,3237,44,3193,98.64%
Mockito,3b,SeqC,1070,114,956,89.35%
Mockito,3b,SeqP,1919,134,1785,93.02%
Mockito,9b,SeqC,4815,4,4811,99.92%
Mockito,9b,SeqP,3036,15,3021,99.51%
Mockito,4b,SeqC,3804,207,3597,94.56%
Mockito,4b,SeqP,804,100,704,87.56%
Mockito,11b,SeqC,3124,10,3114,99.68%
Mockito,11b,SeqP,1660,108,1552,93.49%
Mockito,27b,SeqC,646,25,621,96.13%
Mockito,27b,SeqP,2330,101,2229,95.67%
Collections,25b,SeqP,1000,57,943,94.30%
Collections,28b,SeqP,0,0,0,0.00%
Collections,26b,SeqC,0,0,0,0.00%
Collections,26b,SeqP,0,0,0,0.00%
Collections,27b,SeqP,191,10,181,94.76%
JacksonXml,5b,SeqC,1504,30,1474,98.01%
JacksonXml,5b,SeqP,1781,8,1773,99.55%
JacksonXml,2b,SeqC,3300,88,3212,97.33%
JacksonXml,2b,SeqP,1981,2,1979,99.90%
JacksonXml,1b,SeqC,3071,139,2932,95.47%
JacksonXml,1b,SeqP,2024,5,2019,99.75%
JacksonXml,6b,SeqC,1446,139,1307,90.39%
JacksonXml,6b,SeqP,2463,5,2458,99.80%
JacksonXml,3b,SeqC,3098,143,2955,95.38%
JacksonXml,3b,SeqP,2086,5,2081,99.76%
JacksonXml,4b,SeqC,1666,29,1637,98.26%
JacksonXml,4b,SeqP,1776,7,1769,99.61%
Jsoup,30b,SeqC,1971,10,1961,99.49%
Jsoup,30b,SeqP,1815,7,1808,99.61%
Jsoup,59b,SeqP,3119,33,3086,98.94%
Jsoup,66b,SeqC,803,166,637,79.33%
Jsoup,66b,SeqP,3397,45,3352,98.68%
Jsoup,32b,SeqC,761,194,567,74.51%
Jsoup,32b,SeqP,3017,40,2977,98.67%
Jsoup,74b,SeqC,818,29,789,96.45%
Jsoup,74b,SeqP,3240,57,3183,98.24%
Jsoup,73b,SeqC,2597,10,2587,99.61%
Jsoup,73b,SeqP,2873,6,2867,99.79%
Jsoup,87b,SeqC,864,284,580,67.13%
Jsoup,87b,SeqP,1733,55,1678,96.83%
Jsoup,49b,SeqC,1285,162,1123,87.39%
Jsoup,49b,SeqP,3014,44,2970,98.54%
Jsoup,82b,SeqC,3006,20,2986,99.33%
Jsoup,82b,SeqP,3679,19,3660,99.48%
Jsoup,60b,SeqC,391,43,348,89.00%
Jsoup,60b,SeqP,4651,38,4613,99.18%
Jsoup,31b,SeqC,2559,3,2556,99.88%
Jsoup,31b,SeqP,3563,29,3534,99.19%
Jsoup,75b,SeqC,396,74,322,81.31%
Jsoup,75b,SeqP,1291,70,1221,94.58%
Jsoup,5b,SeqC,24,6,18,75.00%
Jsoup,5b,SeqP,3986,19,3967,99.52%
Jsoup,91b,SeqC,155,21,134,86.45%
Jsoup,91b,SeqP,2445,45,2400,98.16%
Jsoup,10b,SeqC,1286,202,1084,84.29%
Jsoup,10b,SeqP,2927,27,2900,99.08%
Jsoup,80b,SeqC,5097,2,5095,99.96%
Jsoup,80b,SeqP,3351,36,3315,98.93%
Jsoup,43b,SeqC,1280,266,1014,79.22%
Jsoup,43b,SeqP,3242,58,3184,98.21%
Jsoup,21b,SeqC,517,5,512,99.03%
Jsoup,21b,SeqP,5143,20,5123,99.61%
Jsoup,23b,SeqC,19,4,15,78.95%
Jsoup,23b,SeqP,3859,30,3829,99.22%
Jsoup,16b,SeqC,368,10,358,97.28%
Jsoup,16b,SeqP,3771,21,3750,99.44%
Jsoup,81b,SeqC,2552,19,2533,99.26%
Jsoup,81b,SeqP,3601,17,3584,99.53%
Jsoup,2b,SeqC,15,3,12,80.00%
Jsoup,2b,SeqP,4703,17,4686,99.64%
Jsoup,48b,SeqC,6532,62,6470,99.05%
Jsoup,48b,SeqP,5145,19,5126,99.63%
Jsoup,57b,SeqC,413,55,358,86.68%
Jsoup,57b,SeqP,3252,46,3206,98.59%
Jsoup,18b,SeqC,0,0,0,0.00%
Jsoup,18b,SeqP,3764,21,3743,99.44%
Jsoup,84b,SeqC,3501,3,3498,99.91%
Jsoup,84b,SeqP,3187,7,3180,99.78%
Jsoup,45b,SeqC,3914,3,3911,99.92%
Jsoup,45b,SeqP,3384,34,3350,99.00%
Jsoup,47b,SeqC,1,1,0,0.00%
Jsoup,47b,SeqP,3687,42,3645,98.86%
Jsoup,46b,SeqC,2,2,0,0.00%
Jsoup,46b,SeqP,3262,40,3222,98.77%
Jsoup,38b,SeqP,3559,36,3523,98.99%
Jsoup,79b,SeqC,666,91,575,86.34%
Jsoup,79b,SeqP,3050,51,2999,98.33%
Jsoup,93b,SeqC,1493,51,1442,96.58%
Jsoup,93b,SeqP,3052,42,3010,98.62%
Jsoup,40b,SeqC,465,11,454,97.63%
Jsoup,40b,SeqP,3139,40,3099,98.73%
Jsoup,72b,SeqC,582,12,570,97.94%
Jsoup,72b,SeqP,2937,44,2893,98.50%
Jsoup,69b,SeqC,1345,11,1334,99.18%
Jsoup,69b,SeqP,285,9,276,96.84%
Jsoup,17b,SeqP,3809,24,3785,99.37%
Jsoup,52b,SeqC,1567,37,1530,97.64%
Jsoup,52b,SeqP,3048,41,3007,98.65%
Jsoup,90b,SeqC,1836,28,1808,98.47%
Jsoup,90b,SeqP,4660,22,4638,99.53%
Jsoup,25b,SeqC,6,2,4,66.67%
Jsoup,25b,SeqP,3475,29,3446,99.17%
Jsoup,68b,SeqC,3974,6,3968,99.85%
Jsoup,68b,SeqP,2968,37,2931,98.75%
Jsoup,70b,SeqC,992,267,725,73.08%
Jsoup,70b,SeqP,3048,46,3002,98.49%
Jsoup,34b,SeqC,20,4,16,80.00%
Jsoup,34b,SeqP,3423,37,3386,98.92%
Jsoup,63b,SeqC,3479,5,3474,99.86%
Jsoup,63b,SeqP,3534,36,3498,98.98%
Jsoup,28b,SeqC,25,12,13,52.00%
Jsoup,28b,SeqP,3661,34,3627,99.07%
Jsoup,78b,SeqC,2442,18,2424,99.26%
Jsoup,78b,SeqP,3271,18,3253,99.45%
Jsoup,67b,SeqC,3924,6,3918,99.85%
Jsoup,67b,SeqP,3090,41,3049,98.67%
Jsoup,42b,SeqC,888,32,856,96.40%
Jsoup,42b,SeqP,2749,45,2704,98.36%
Jsoup,65b,SeqC,3850,6,3844,99.84%
Jsoup,65b,SeqP,3249,46,3203,98.58%
Jsoup,58b,SeqC,1015,46,969,95.47%
Jsoup,58b,SeqP,3431,34,3397,99.01%
Jsoup,13b,SeqC,864,229,635,73.50%
Jsoup,13b,SeqP,3145,28,3117,99.11%
Jsoup,64b,SeqP,3276,32,3244,99.02%
Jsoup,39b,SeqC,4702,17,4685,99.64%
Jsoup,39b,SeqP,3875,18,3857,99.54%
Jsoup,8b,SeqC,863,180,683,79.14%
Jsoup,8b,SeqP,2894,28,2866,99.03%
Jsoup,85b,SeqC,810,99,711,87.78%
Jsoup,85b,SeqP,3243,52,3191,98.40%
Jsoup,35b,SeqP,3367,45,3322,98.66%
Jsoup,29b,SeqC,454,64,390,85.90%
Jsoup,29b,SeqP,3374,34,3340,98.99%
Jsoup,61b,SeqC,1361,207,1154,84.79%
Jsoup,61b,SeqP,2834,49,2785,98.27%
Jsoup,14b,SeqC,0,0,0,0.00%
Jsoup,14b,SeqP,4090,21,4069,99.49%
Jsoup,12b,SeqC,2423,11,2412,99.55%
Jsoup,12b,SeqP,5044,12,5032,99.76%
Jsoup,53b,SeqC,427,46,381,89.23%
Jsoup,53b,SeqP,4617,34,4583,99.26%
Jsoup,15b,SeqP,3701,22,3679,99.41%
Jsoup,89b,SeqC,700,86,614,87.71%
Jsoup,89b,SeqP,2974,56,2918,98.12%
Jsoup,1b,SeqC,228,27,201,88.16%
Jsoup,1b,SeqP,4845,22,4823,99.55%
Jsoup,50b,SeqC,4274,17,4257,99.60%
Jsoup,50b,SeqP,3875,19,3856,99.51%
Jsoup,88b,SeqC,657,85,572,87.06%
Jsoup,88b,SeqP,3205,55,3150,98.28%
Jsoup,24b,SeqP,3757,26,3731,99.31%
Jsoup,76b,SeqP,3152,44,3108,98.60%
Jsoup,7b,SeqC,210,65,145,69.05%
Jsoup,7b,SeqP,2824,33,2791,98.83%
Jsoup,33b,SeqC,3591,3,3588,99.92%
Jsoup,33b,SeqP,3556,37,3519,98.96%
Jsoup,26b,SeqC,2049,3,2046,99.85%
Jsoup,26b,SeqP,929,6,923,99.35%
Jsoup,36b,SeqC,4039,14,4025,99.65%
Jsoup,36b,SeqP,4663,15,4648,99.68%
Jsoup,71b,SeqC,144,21,123,85.42%
Jsoup,71b,SeqP,4010,44,3966,98.90%
Jsoup,6b,SeqP,4179,26,4153,99.38%
Jsoup,37b,SeqC,786,201,585,74.43%
Jsoup,37b,SeqP,3300,41,3259,98.76%
Jsoup,19b,SeqC,1642,16,1626,99.03%
Jsoup,19b,SeqP,0,0,0,0.00%
Jsoup,41b,SeqC,1545,283,1262,81.68%
Jsoup,41b,SeqP,2936,43,2893,98.54%
Jsoup,20b,SeqC,4525,17,4508,99.62%
Jsoup,20b,SeqP,4538,13,4525,99.71%
Jsoup,22b,SeqC,646,210,436,67.49%
Jsoup,22b,SeqP,3255,44,3211,98.65%
Jsoup,92b,SeqC,698,96,602,86.25%
Jsoup,92b,SeqP,2641,56,2585,97.88%
Jsoup,55b,SeqP,3249,34,3215,98.95%
Jsoup,44b,SeqC,4319,15,4304,99.65%
Jsoup,44b,SeqP,3659,36,3623,99.02%
Jsoup,3b,SeqC,1306,208,1098,84.07%
Jsoup,3b,SeqP,4324,21,4303,99.51%
Jsoup,51b,SeqC,37,5,32,86.49%
Jsoup,51b,SeqP,3089,43,3046,98.61%
Jsoup,54b,SeqC,3143,13,3130,99.59%
Jsoup,54b,SeqP,52,4,48,92.31%
Jsoup,9b,SeqP,3919,26,3893,99.34%
Jsoup,62b,SeqP,3134,39,3095,98.76%
Jsoup,77b,SeqC,5276,4,5272,99.92%
Jsoup,77b,SeqP,3205,42,3163,98.69%
Jsoup,56b,SeqC,390,13,377,96.67%
Jsoup,56b,SeqP,3374,52,3322,98.46%
Jsoup,83b,SeqC,1274,23,1251,98.19%
Jsoup,83b,SeqP,2999,46,2953,98.47%
Jsoup,4b,SeqP,4569,20,4549,99.56%
Jsoup,86b,SeqC,956,51,905,94.67%
Jsoup,86b,SeqP,2716,52,2664,98.09%
Jsoup,11b,SeqC,4469,11,4458,99.75%
Jsoup,11b,SeqP,5102,13,5089,99.75%
Jsoup,27b,SeqC,4142,16,4126,99.61%
Jsoup,27b,SeqP,290,8,282,97.24%
Gson,5b,SeqC,7526,6,7520,99.92%
Gson,5b,SeqP,64,3,61,95.31%
Gson,10b,SeqC,0,0,0,0.00%
Gson,10b,SeqP,1143,57,1086,95.01%
Gson,16b,SeqP,0,0,0,0.00%
Gson,2b,SeqC,0,0,0,0.00%
Gson,2b,SeqP,447,25,422,94.41%
Gson,18b,SeqP,0,0,0,0.00%
Gson,17b,SeqC,1122,28,1094,97.50%
Gson,17b,SeqP,748,63,685,91.58%
Gson,13b,SeqC,3635,138,3497,96.20%
Gson,13b,SeqP,1128,78,1050,93.09%
Gson,8b,SeqC,633,1,632,99.84%
Gson,8b,SeqP,1108,45,1063,95.94%
Gson,12b,SeqC,2438,209,2229,91.43%
Gson,12b,SeqP,1052,76,976,92.78%
Gson,15b,SeqC,634,32,602,94.95%
Gson,15b,SeqP,1158,90,1068,92.23%
Gson,1b,SeqC,6192,4,6188,99.94%
Gson,1b,SeqP,1045,40,1005,96.17%
Gson,7b,SeqC,4483,157,4326,96.50%
Gson,7b,SeqP,934,42,892,95.50%
Gson,6b,SeqC,0,0,0,0.00%
Gson,6b,SeqP,968,70,898,92.77%
Gson,3b,SeqC,0,0,0,0.00%
Gson,3b,SeqP,760,44,716,94.21%
Gson,9b,SeqC,856,33,823,96.14%
Gson,9b,SeqP,1346,89,1257,93.39%
Gson,4b,SeqC,3393,134,3259,96.05%
Gson,4b,SeqP,1310,100,1210,92.37%
Gson,11b,SeqC,0,0,0,0.00%
Gson,11b,SeqP,445,34,411,92.36%
Closure,30b,SeqC,501,9,492,98.20%
Closure,30b,SeqP,1878,14,1864,99.25%
Closure,59b,SeqC,1032,66,966,93.60%
Closure,59b,SeqP,1403,13,1390,99.07%
Closure,66b,SeqC,869,38,831,95.63%
Closure,66b,SeqP,0,0,0,0.00%
Closure,131b,SeqC,52,3,49,94.23%
Closure,131b,SeqP,1836,7,1829,99.62%
Closure,32b,SeqC,47,4,43,91.49%
Closure,32b,SeqP,1023,7,1016,99.32%
Closure,73b,SeqC,0,0,0,0.00%
Closure,73b,SeqP,2114,3,2111,99.86%
Closure,165b,SeqC,348,147,201,57.76%
Closure,165b,SeqP,0,0,0,0.00%
Closure,87b,SeqC,1731,1,1730,99.94%
Closure,87b,SeqP,2550,4,2546,99.84%
Closure,155b,SeqC,440,111,329,74.77%
Closure,155b,SeqP,2092,7,2085,99.67%
Closure,49b,SeqC,1654,11,1643,99.33%
Closure,49b,SeqP,2990,9,2981,99.70%
Closure,141b,SeqC,231,31,200,86.58%
Closure,141b,SeqP,1893,10,1883,99.47%
Closure,82b,SeqC,597,162,435,72.86%
Closure,82b,SeqP,0,0,0,0.00%
Closure,106b,SeqC,129,29,100,77.52%
Closure,106b,SeqP,2534,4,2530,99.84%
Closure,162b,SeqC,505,137,368,72.87%
Closure,162b,SeqP,1211,10,1201,99.17%
Closure,60b,SeqC,538,64,474,88.10%
Closure,60b,SeqP,1237,14,1223,98.87%
Closure,31b,SeqC,249,60,189,75.90%
Closure,31b,SeqP,1178,16,1162,98.64%
Closure,75b,SeqC,506,37,469,92.69%
Closure,75b,SeqP,1655,10,1645,99.40%
Closure,140b,SeqC,1491,85,1406,94.30%
Closure,140b,SeqP,2128,11,2117,99.48%
Closure,104b,SeqC,469,100,369,78.68%
Closure,104b,SeqP,1368,10,1358,99.27%
Closure,5b,SeqC,158,2,156,98.73%
Closure,5b,SeqP,712,12,700,98.31%
Closure,10b,SeqC,561,38,523,93.23%
Closure,10b,SeqP,2437,13,2424,99.47%
Closure,80b,SeqC,479,40,439,91.65%
Closure,80b,SeqP,1509,15,1494,99.01%
Closure,43b,SeqC,633,9,624,98.58%
Closure,43b,SeqP,0,0,0,0.00%
Closure,21b,SeqC,61,2,59,96.72%
Closure,21b,SeqP,1777,12,1765,99.32%
Closure,23b,SeqC,0,0,0,0.00%
Closure,23b,SeqP,1929,12,1917,99.38%
Closure,103b,SeqC,496,28,468,94.35%
Closure,103b,SeqP,1378,2,1376,99.85%
Closure,16b,SeqC,79,2,77,97.47%
Closure,16b,SeqP,1289,19,1270,98.53%
Closure,146b,SeqC,488,151,337,69.06%
Closure,146b,SeqP,1772,9,1763,99.49%
Closure,81b,SeqC,31,8,23,74.19%
Closure,81b,SeqP,992,7,985,99.29%
Closure,120b,SeqC,40,3,37,92.50%
Closure,120b,SeqP,1205,8,1197,99.34%
Closure,135b,SeqC,497,128,369,74.25%
Closure,135b,SeqP,3209,12,3197,99.63%
Closure,2b,SeqC,164,18,146,89.02%
Closure,2b,SeqP,0,0,0,0.00%
Closure,48b,SeqC,946,9,937,99.05%
Closure,48b,SeqP,0,0,0,0.00%
Closure,57b,SeqC,235,63,172,73.19%
Closure,57b,SeqP,1506,12,1494,99.20%
Closure,18b,SeqC,220,59,161,73.18%
Closure,18b,SeqP,1672,7,1665,99.58%
Closure,142b,SeqC,4,2,2,50.00%
Closure,142b,SeqP,1685,3,1682,99.82%
Closure,157b,SeqC,216,3,213,98.61%
Closure,157b,SeqP,1496,8,1488,99.47%
Closure,159b,SeqP,1759,3,1756,99.83%
Closure,84b,SeqC,17,3,14,82.35%
Closure,84b,SeqP,1477,5,1472,99.66%
Closure,45b,SeqC,1099,2,1097,99.82%
Closure,45b,SeqP,1883,15,1868,99.20%
Closure,138b,SeqC,1260,38,1222,96.98%
Closure,138b,SeqP,1685,1,1684,99.94%
Closure,122b,SeqC,565,2,563,99.65%
Closure,122b,SeqP,821,6,815,99.27%
Closure,47b,SeqC,1186,9,1177,99.24%
Closure,47b,SeqP,2263,12,2251,99.47%
Closure,46b,SeqC,868,19,849,97.81%
Closure,46b,SeqP,369,1,368,99.73%
Closure,38b,SeqP,1795,3,1792,99.83%
Closure,79b,SeqC,235,6,229,97.45%
Closure,79b,SeqP,1493,7,1486,99.53%
Closure,111b,SeqC,378,2,376,99.47%
Closure,111b,SeqP,230,1,229,99.57%
Closure,170b,SeqC,319,10,309,96.87%
Closure,170b,SeqP,1123,13,1110,98.84%
Closure,172b,SeqC,433,11,422,97.46%
Closure,172b,SeqP,0,0,0,0.00%
Closure,40b,SeqC,105,4,101,96.19%
Closure,40b,SeqP,1711,9,1702,99.47%
Closure,72b,SeqC,0,0,0,0.00%
Closure,72b,SeqP,1696,4,1692,99.76%
Closure,69b,SeqC,474,36,438,92.41%
Closure,69b,SeqP,0,0,0,0.00%
Closure,17b,SeqC,252,7,245,97.22%
Closure,17b,SeqP,0,0,0,0.00%
Closure,150b,SeqC,1567,3,1564,99.81%
Closure,150b,SeqP,1080,4,1076,99.63%
Closure,112b,SeqC,166,2,164,98.80%
Closure,112b,SeqP,0,0,0,0.00%
Closure,52b,SeqC,0,0,0,0.00%
Closure,52b,SeqP,1703,6,1697,99.65%
Closure,90b,SeqC,546,126,420,76.92%
Closure,90b,SeqP,0,0,0,0.00%
Closure,25b,SeqC,257,3,254,98.83%
Closure,25b,SeqP,1210,9,1201,99.26%
Closure,144b,SeqC,492,147,345,70.12%
Closure,144b,SeqP,1990,9,1981,99.55%
Closure,102b,SeqC,1649,15,1634,99.09%
Closure,102b,SeqP,3512,3,3509,99.91%
Closure,137b,SeqC,553,65,488,88.25%
Closure,137b,SeqP,3130,11,3119,99.65%
Closure,68b,SeqC,1430,4,1426,99.72%
Closure,68b,SeqP,0,0,0,0.00%
Closure,70b,SeqC,578,10,568,98.27%
Closure,70b,SeqP,0,0,0,0.00%
Closure,168b,SeqC,298,9,289,96.98%
Closure,168b,SeqP,0,0,0,0.00%
Closure,125b,SeqC,186,18,168,90.32%
Closure,125b,SeqP,0,0,0,0.00%
Closure,34b,SeqC,0,0,0,0.00%
Closure,34b,SeqP,1565,3,1562,99.81%
Closure,129b,SeqC,110,2,108,98.18%
Closure,129b,SeqP,830,6,824,99.28%
Closure,163b,SeqC,318,2,316,99.37%
Closure,163b,SeqP,1744,19,1725,98.91%
Closure,28b,SeqP,1645,13,1632,99.21%
Closure,154b,SeqC,678,42,636,93.81%
Closure,154b,SeqP,0,0,0,0.00%
Closure,152b,SeqC,449,126,323,71.94%
Closure,152b,SeqP,0,0,0,0.00%
Closure,132b,SeqC,0,0,0,0.00%
Closure,132b,SeqP,1169,11,1158,99.06%
Closure,105b,SeqC,0,0,0,0.00%
Closure,105b,SeqP,630,1,629,99.84%
Closure,42b,SeqC,1695,3,1692,99.82%
Closure,42b,SeqP,1259,8,1251,99.36%
Closure,114b,SeqC,111,2,109,98.20%
Closure,114b,SeqP,1708,5,1703,99.71%
Closure,65b,SeqC,0,0,0,0.00%
Closure,65b,SeqP,2581,4,2577,99.85%
Closure,58b,SeqC,905,1,904,99.89%
Closure,58b,SeqP,1034,12,1022,98.84%
Closure,94b,SeqC,161,26,135,83.85%
Closure,94b,SeqP,1562,14,1548,99.10%
Closure,145b,SeqC,0,0,0,0.00%
Closure,145b,SeqP,2564,5,2559,99.80%
Closure,109b,SeqC,87,3,84,96.55%
Closure,109b,SeqP,0,0,0,0.00%
Closure,13b,SeqC,71,2,69,97.18%
Closure,13b,SeqP,1282,5,1277,99.61%
Closure,149b,SeqP,1927,8,1919,99.58%
Closure,176b,SeqC,268,3,265,98.88%
Closure,176b,SeqP,0,0,0,0.00%
Closure,64b,SeqC,1309,76,1233,94.19%
Closure,64b,SeqP,1669,11,1658,99.34%
Closure,39b,SeqC,377,50,327,86.74%
Closure,39b,SeqP,1171,6,1165,99.49%
Closure,8b,SeqC,154,4,150,97.40%
Closure,8b,SeqP,764,12,752,98.43%
Closure,128b,SeqC,989,2,987,99.80%
Closure,128b,SeqP,1701,4,1697,99.76%
Closure,35b,SeqC,96,5,91,94.79%
Closure,35b,SeqP,0,0,0,0.00%
Closure,113b,SeqC,50,3,47,94.00%
Closure,113b,SeqP,390,12,378,96.92%
Closure,29b,SeqC,200,3,197,98.50%
Closure,29b,SeqP,2309,12,2297,99.48%
Closure,61b,SeqC,575,71,504,87.65%
Closure,61b,SeqP,1664,10,1654,99.40%
Closure,95b,SeqC,1354,3,1351,99.78%
Closure,95b,SeqP,0,0,0,0.00%
Closure,14b,SeqC,121,19,102,84.30%
Closure,14b,SeqP,1097,8,1089,99.27%
Closure,12b,SeqC,323,4,319,98.76%
Closure,12b,SeqP,780,12,768,98.46%
Closure,175b,SeqC,955,7,948,99.27%
Closure,175b,SeqP,1509,13,1496,99.14%
Closure,173b,SeqC,607,1,606,99.84%
Closure,173b,SeqP,2523,7,2516,99.72%
Closure,53b,SeqC,0,0,0,0.00%
Closure,53b,SeqP,1086,12,1074,98.90%
Closure,116b,SeqC,774,7,767,99.10%
Closure,116b,SeqP,1149,11,1138,99.04%
Closure,96b,SeqC,462,35,427,92.42%
Closure,96b,SeqP,0,0,0,0.00%
Closure,15b,SeqC,177,9,168,94.92%
Closure,15b,SeqP,1628,11,1617,99.32%
Closure,134b,SeqC,59,5,54,91.53%
Closure,134b,SeqP,2671,3,2668,99.89%
Closure,89b,SeqC,1253,3,1250,99.76%
Closure,89b,SeqP,1990,3,1987,99.85%
Closure,156b,SeqC,0,0,0,0.00%
Closure,156b,SeqP,2654,4,2650,99.85%
Closure,158b,SeqP,1361,10,1351,99.27%
Closure,1b,SeqC,138,3,135,97.83%
Closure,1b,SeqP,860,9,851,98.95%
Closure,50b,SeqP,1083,12,1071,98.89%
Closure,118b,SeqC,0,0,0,0.00%
Closure,118b,SeqP,2035,11,2024,99.46%
Closure,24b,SeqC,122,3,119,97.54%
Closure,24b,SeqP,1596,19,1577,98.81%
Closure,130b,SeqC,119,1,118,99.16%
Closure,130b,SeqP,1479,10,1469,99.32%
Closure,110b,SeqC,227,157,70,30.84%
Closure,110b,SeqP,1054,12,1042,98.86%
Closure,123b,SeqC,862,2,860,99.77%
Closure,123b,SeqP,1505,7,1498,99.53%
Closure,7b,SeqC,262,19,243,92.75%
Closure,7b,SeqP,2032,12,2020,99.41%
Closure,33b,SeqC,302,55,247,81.79%
Closure,33b,SeqP,0,0,0,0.00%
Closure,126b,SeqC,69,2,67,97.10%
Closure,126b,SeqP,611,11,600,98.20%
Closure,121b,SeqC,78,2,76,97.44%
Closure,121b,SeqP,442,11,431,97.51%
Closure,26b,SeqC,261,16,245,93.87%
Closure,26b,SeqP,1676,16,1660,99.05%
Closure,108b,SeqC,51,2,49,96.08%
Closure,108b,SeqP,642,19,623,97.04%
Closure,127b,SeqC,92,1,91,98.91%
Closure,127b,SeqP,621,10,611,98.39%
Closure,166b,SeqC,315,52,263,83.49%
Closure,166b,SeqP,1270,9,1261,99.29%
Closure,36b,SeqC,76,3,73,96.05%
Closure,36b,SeqP,1124,13,1111,98.84%
Closure,115b,SeqC,679,8,671,98.82%
Closure,115b,SeqP,1392,6,1386,99.57%
Closure,71b,SeqC,82,4,78,95.12%
Closure,71b,SeqP,1506,12,1494,99.20%
Closure,6b,SeqC,457,6,451,98.69%
Closure,6b,SeqP,0,0,0,0.00%
Closure,153b,SeqC,109,18,91,83.49%
Closure,153b,SeqP,1856,9,1847,99.52%
Closure,37b,SeqC,291,65,226,77.66%
Closure,37b,SeqP,1246,10,1236,99.20%
Closure,19b,SeqC,136,15,121,88.97%
Closure,19b,SeqP,1468,11,1457,99.25%
Closure,164b,SeqC,178,18,160,89.89%
Closure,164b,SeqP,0,0,0,0.00%
Closure,174b,SeqC,356,53,303,85.11%
Closure,174b,SeqP,1894,15,1879,99.21%
Closure,20b,SeqC,0,0,0,0.00%
Closure,20b,SeqP,1730,12,1718,99.31%
Closure,22b,SeqC,89,4,85,95.51%
Closure,22b,SeqP,2050,11,2039,99.46%
Closure,119b,SeqC,147,3,144,97.96%
Closure,119b,SeqP,1760,13,1747,99.26%
Closure,92b,SeqC,248,1,247,99.60%
Closure,92b,SeqP,144,4,140,97.22%
Closure,169b,SeqC,540,272,268,49.63%
Closure,169b,SeqP,0,0,0,0.00%
Closure,44b,SeqP,2508,3,2505,99.88%
Closure,3b,SeqC,233,8,225,96.57%
Closure,3b,SeqP,816,12,804,98.53%
Closure,133b,SeqC,101,3,98,97.03%
Closure,133b,SeqP,0,0,0,0.00%
Closure,51b,SeqP,1735,3,1732,99.83%
Closure,54b,SeqC,302,121,181,59.93%
Closure,54b,SeqP,0,0,0,0.00%
Closure,161b,SeqP,1465,10,1455,99.32%
Closure,9b,SeqC,780,8,772,98.97%
Closure,9b,SeqP,1357,15,1342,98.89%
Closure,62b,SeqC,785,12,773,98.47%
Closure,62b,SeqP,1798,11,1787,99.39%
Closure,77b,SeqC,0,0,0,0.00%
Closure,77b,SeqP,1886,4,1882,99.79%
Closure,56b,SeqC,670,37,633,94.48%
Closure,56b,SeqP,1350,12,1338,99.11%
Closure,160b,SeqC,987,63,924,93.62%
Closure,160b,SeqP,1288,11,1277,99.15%
Closure,4b,SeqC,756,18,738,97.62%
Closure,4b,SeqP,0,0,0,0.00%
Closure,117b,SeqC,412,4,408,99.03%
Closure,117b,SeqP,0,0,0,0.00%
Closure,167b,SeqC,296,155,141,47.64%
Closure,167b,SeqP,0,0,0,0.00%
Closure,86b,SeqC,544,33,511,93.93%
Closure,86b,SeqP,2387,15,2372,99.37%
Closure,171b,SeqC,268,12,256,95.52%
Closure,171b,SeqP,0,0,0,0.00%
Closure,139b,SeqC,1789,8,1781,99.55%
Closure,139b,SeqP,2912,4,2908,99.86%
Closure,11b,SeqC,157,24,133,84.71%
Closure,11b,SeqP,0,0,0,0.00%
Closure,27b,SeqC,18,15,3,16.67%
Closure,27b,SeqP,2272,8,2264,99.65%
Codec,5b,SeqC,522,60,462,88.51%
Codec,5b,SeqP,1639,32,1607,98.05%
Codec,10b,SeqC,1666,2,1664,99.88%
Codec,10b,SeqP,80,1,79,98.75%
Codec,2b,SeqC,740,39,701,94.73%
Codec,2b,SeqP,1414,23,1391,98.37%
Codec,18b,SeqC,1261,145,1116,88.50%
Codec,18b,SeqP,1121,78,1043,93.04%
Codec,17b,SeqC,1312,158,1154,87.96%
Codec,17b,SeqP,1163,76,1087,93.47%
Codec,8b,SeqC,581,63,518,89.16%
Codec,8b,SeqP,2067,36,2031,98.26%
Codec,12b,SeqC,1153,25,1128,97.83%
Codec,12b,SeqP,2329,11,2318,99.53%
Codec,1b,SeqC,1693,6,1687,99.65%
Codec,1b,SeqP,692,1,691,99.86%
Codec,7b,SeqC,628,59,569,90.61%
Codec,7b,SeqP,2066,33,2033,98.40%
Codec,6b,SeqC,1004,8,996,99.20%
Codec,6b,SeqP,379,9,370,97.63%
Codec,3b,SeqC,675,9,666,98.67%
Codec,3b,SeqP,1004,9,995,99.10%
Codec,9b,SeqC,594,63,531,89.39%
Codec,9b,SeqP,2200,34,2166,98.45%
Codec,4b,SeqC,652,62,590,90.49%
Codec,4b,SeqP,1706,34,1672,98.01%
Codec,11b,SeqC,2962,76,2886,97.43%
Codec,11b,SeqP,5668,14,5654,99.75%
JacksonDatabind,30b,SeqC,437,175,262,59.95%
JacksonDatabind,30b,SeqP,778,93,685,88.05%
JacksonDatabind,59b,SeqC,516,211,305,59.11%
JacksonDatabind,59b,SeqP,1581,120,1461,92.41%
JacksonDatabind,66b,SeqC,523,38,485,92.73%
JacksonDatabind,66b,SeqP,901,106,795,88.24%
JacksonDatabind,32b,SeqC,417,54,363,87.05%
JacksonDatabind,74b,SeqC,338,38,300,88.76%
JacksonDatabind,74b,SeqP,1148,103,1045,91.03%
JacksonDatabind,73b,SeqC,214,94,120,56.07%
JacksonDatabind,87b,SeqC,322,104,218,67.70%
JacksonDatabind,49b,SeqC,448,17,431,96.21%
JacksonDatabind,49b,SeqP,345,15,330,95.65%
JacksonDatabind,82b,SeqC,282,33,249,88.30%
JacksonDatabind,82b,SeqP,1731,122,1609,92.95%
JacksonDatabind,106b,SeqC,225,58,167,74.22%
JacksonDatabind,106b,SeqP,1338,98,1240,92.68%
JacksonDatabind,60b,SeqP,1543,117,1426,92.42%
JacksonDatabind,31b,SeqC,433,121,312,72.06%
JacksonDatabind,31b,SeqP,905,122,783,86.52%
JacksonDatabind,75b,SeqP,1235,102,1133,91.74%
JacksonDatabind,97b,SeqC,366,163,203,55.46%
JacksonDatabind,97b,SeqP,1994,108,1886,94.58%
JacksonDatabind,104b,SeqC,211,85,126,59.72%
JacksonDatabind,104b,SeqP,1001,72,929,92.81%
JacksonDatabind,5b,SeqC,630,83,547,86.83%
JacksonDatabind,5b,SeqP,931,139,792,85.07%
JacksonDatabind,91b,SeqC,464,65,399,85.99%
JacksonDatabind,91b,SeqP,1104,116,988,89.49%
JacksonDatabind,10b,SeqC,683,80,603,88.29%
JacksonDatabind,10b,SeqP,947,127,820,86.59%
JacksonDatabind,80b,SeqC,569,42,527,92.62%
JacksonDatabind,80b,SeqP,1790,114,1676,93.63%
JacksonDatabind,43b,SeqC,125,3,122,97.60%
JacksonDatabind,21b,SeqC,1440,83,1357,94.24%
JacksonDatabind,103b,SeqP,1077,66,1011,93.87%
JacksonDatabind,16b,SeqC,445,3,442,99.33%
JacksonDatabind,16b,SeqP,862,144,718,83.29%
JacksonDatabind,81b,SeqC,1143,86,1057,92.48%
JacksonDatabind,81b,SeqP,1775,97,1678,94.54%
JacksonDatabind,2b,SeqC,584,128,456,78.08%
JacksonDatabind,2b,SeqP,928,166,762,82.11%
JacksonDatabind,48b,SeqC,640,113,527,82.34%
JacksonDatabind,48b,SeqP,659,95,564,85.58%
JacksonDatabind,57b,SeqC,1017,139,878,86.33%
JacksonDatabind,57b,SeqP,1361,125,1236,90.82%
JacksonDatabind,18b,SeqC,22,5,17,77.27%
JacksonDatabind,18b,SeqP,1542,32,1510,97.92%
JacksonDatabind,84b,SeqC,89,42,47,52.81%
JacksonDatabind,84b,SeqP,932,102,830,89.06%
JacksonDatabind,45b,SeqC,451,50,401,88.91%
JacksonDatabind,45b,SeqP,1212,114,1098,90.59%
JacksonDatabind,47b,SeqC,1674,153,1521,90.86%
JacksonDatabind,47b,SeqP,1255,103,1152,91.79%
JacksonDatabind,46b,SeqC,330,83,247,74.85%
JacksonDatabind,46b,SeqP,1577,146,1431,90.74%
JacksonDatabind,38b,SeqC,232,75,157,67.67%
JacksonDatabind,38b,SeqP,1062,122,940,88.51%
JacksonDatabind,79b,SeqP,1593,142,1451,91.09%
JacksonDatabind,98b,SeqC,637,26,611,95.92%
JacksonDatabind,98b,SeqP,1798,31,1767,98.28%
JacksonDatabind,111b,SeqP,1815,59,1756,96.75%
JacksonDatabind,93b,SeqC,390,10,380,97.44%
JacksonDatabind,93b,SeqP,1350,103,1247,92.37%
JacksonDatabind,40b,SeqC,1165,14,1151,98.80%
JacksonDatabind,72b,SeqC,50,3,47,94.00%
JacksonDatabind,72b,SeqP,914,118,796,87.09%
JacksonDatabind,69b,SeqC,498,54,444,89.16%
JacksonDatabind,69b,SeqP,781,100,681,87.20%
JacksonDatabind,17b,SeqC,692,146,546,78.90%
JacksonDatabind,17b,SeqP,959,166,793,82.69%
JacksonDatabind,112b,SeqP,1503,91,1412,93.95%
JacksonDatabind,52b,SeqC,515,77,438,85.05%
JacksonDatabind,52b,SeqP,979,103,876,89.48%
JacksonDatabind,90b,SeqC,297,60,237,79.80%
JacksonDatabind,90b,SeqP,736,82,654,88.86%
JacksonDatabind,102b,SeqC,141,37,104,73.76%
JacksonDatabind,102b,SeqP,1058,77,981,92.72%
JacksonDatabind,68b,SeqC,501,114,387,77.25%
JacksonDatabind,68b,SeqP,805,106,699,86.83%
JacksonDatabind,70b,SeqC,549,35,514,93.62%
JacksonDatabind,70b,SeqP,923,94,829,89.82%
JacksonDatabind,34b,SeqC,0,0,0,0.00%
JacksonDatabind,34b,SeqP,894,126,768,85.91%
JacksonDatabind,63b,SeqC,281,68,213,75.80%
JacksonDatabind,63b,SeqP,1740,144,1596,91.72%
JacksonDatabind,28b,SeqC,941,93,848,90.12%
JacksonDatabind,28b,SeqP,2115,100,2015,95.27%
JacksonDatabind,78b,SeqC,341,60,281,82.40%
JacksonDatabind,78b,SeqP,1510,115,1395,92.38%
JacksonDatabind,67b,SeqC,299,103,196,65.55%
JacksonDatabind,67b,SeqP,907,114,793,87.43%
JacksonDatabind,105b,SeqC,158,36,122,77.22%
JacksonDatabind,105b,SeqP,1241,51,1190,95.89%
JacksonDatabind,107b,SeqC,391,78,313,80.05%
JacksonDatabind,107b,SeqP,1153,78,1075,93.24%
JacksonDatabind,42b,SeqC,583,42,541,92.80%
JacksonDatabind,65b,SeqC,107,15,92,85.98%
JacksonDatabind,58b,SeqC,340,44,296,87.06%
JacksonDatabind,58b,SeqP,1457,122,1335,91.63%
JacksonDatabind,94b,SeqC,331,5,326,98.49%
JacksonDatabind,109b,SeqC,46,1,45,97.83%
JacksonDatabind,109b,SeqP,1638,71,1567,95.67%
JacksonDatabind,13b,SeqC,402,38,364,90.55%
JacksonDatabind,13b,SeqP,803,116,687,85.55%
JacksonDatabind,64b,SeqC,863,9,854,98.96%
JacksonDatabind,64b,SeqP,1152,90,1062,92.19%
JacksonDatabind,39b,SeqC,394,7,387,98.22%
JacksonDatabind,39b,SeqP,996,92,904,90.76%
JacksonDatabind,8b,SeqC,256,42,214,83.59%
JacksonDatabind,85b,SeqC,211,34,177,83.89%
JacksonDatabind,85b,SeqP,692,75,617,89.16%
JacksonDatabind,35b,SeqC,219,23,196,89.50%
JacksonDatabind,35b,SeqP,921,99,822,89.25%
JacksonDatabind,29b,SeqC,714,27,687,96.22%
JacksonDatabind,29b,SeqP,1173,23,1150,98.04%
JacksonDatabind,61b,SeqC,753,230,523,69.46%
JacksonDatabind,61b,SeqP,1564,128,1436,91.82%
JacksonDatabind,95b,SeqC,357,98,259,72.55%
JacksonDatabind,95b,SeqP,1417,116,1301,91.81%
JacksonDatabind,14b,SeqC,767,106,661,86.18%
JacksonDatabind,14b,SeqP,916,135,781,85.26%
JacksonDatabind,53b,SeqC,726,130,596,82.09%
JacksonDatabind,53b,SeqP,954,106,848,88.89%
JacksonDatabind,96b,SeqC,76,30,46,60.53%
JacksonDatabind,96b,SeqP,1422,93,1329,93.46%
JacksonDatabind,15b,SeqC,405,140,265,65.43%
JacksonDatabind,15b,SeqP,880,122,758,86.14%
JacksonDatabind,100b,SeqC,384,72,312,81.25%
JacksonDatabind,100b,SeqP,2043,116,1927,94.32%
JacksonDatabind,89b,SeqC,114,31,83,72.81%
JacksonDatabind,89b,SeqP,965,107,858,88.91%
JacksonDatabind,1b,SeqC,28,5,23,82.14%
JacksonDatabind,1b,SeqP,495,53,442,89.29%
JacksonDatabind,50b,SeqC,112,19,93,83.04%
JacksonDatabind,50b,SeqP,954,120,834,87.42%
JacksonDatabind,88b,SeqC,261,22,239,91.57%
JacksonDatabind,88b,SeqP,938,92,846,90.19%
JacksonDatabind,24b,SeqC,1193,96,1097,91.95%
JacksonDatabind,24b,SeqP,1121,112,1009,90.01%
JacksonDatabind,101b,SeqC,295,41,254,86.10%
JacksonDatabind,101b,SeqP,1626,99,1527,93.91%
JacksonDatabind,110b,SeqC,756,6,750,99.21%
JacksonDatabind,110b,SeqP,1047,53,994,94.94%
JacksonDatabind,76b,SeqC,759,66,693,91.30%
JacksonDatabind,7b,SeqC,698,152,546,78.22%
JacksonDatabind,7b,SeqP,903,154,749,82.95%
JacksonDatabind,33b,SeqC,940,117,823,87.55%
JacksonDatabind,33b,SeqP,933,113,820,87.89%
JacksonDatabind,26b,SeqC,418,56,362,86.60%
JacksonDatabind,26b,SeqP,1582,146,1436,90.77%
JacksonDatabind,108b,SeqC,598,173,425,71.07%
JacksonDatabind,108b,SeqP,1494,100,1394,93.31%
JacksonDatabind,36b,SeqC,304,62,242,79.61%
JacksonDatabind,36b,SeqP,958,118,840,87.68%
JacksonDatabind,71b,SeqC,246,16,230,93.50%
JacksonDatabind,6b,SeqC,394,58,336,85.28%
JacksonDatabind,37b,SeqC,662,83,579,87.46%
JacksonDatabind,37b,SeqP,984,115,869,88.31%
JacksonDatabind,19b,SeqC,561,99,462,82.35%
JacksonDatabind,19b,SeqP,1155,156,999,86.49%
JacksonDatabind,41b,SeqC,613,87,526,85.81%
JacksonDatabind,41b,SeqP,1128,121,1007,89.27%
JacksonDatabind,20b,SeqC,758,70,688,90.77%
JacksonDatabind,20b,SeqP,934,134,800,85.65%
JacksonDatabind,22b,SeqC,352,86,266,75.57%
JacksonDatabind,22b,SeqP,908,106,802,88.33%
JacksonDatabind,92b,SeqC,709,71,638,89.99%
JacksonDatabind,92b,SeqP,1254,109,1145,91.31%
JacksonDatabind,55b,SeqC,320,4,316,98.75%
JacksonDatabind,55b,SeqP,566,76,490,86.57%
JacksonDatabind,44b,SeqC,811,101,710,87.55%
JacksonDatabind,44b,SeqP,1451,128,1323,91.18%
JacksonDatabind,3b,SeqC,475,31,444,93.47%
JacksonDatabind,51b,SeqC,511,54,457,89.43%
JacksonDatabind,51b,SeqP,848,103,745,87.85%
JacksonDatabind,54b,SeqC,543,9,534,98.34%
JacksonDatabind,54b,SeqP,648,97,551,85.03%
JacksonDatabind,99b,SeqC,592,92,500,84.46%
JacksonDatabind,99b,SeqP,1777,134,1643,92.46%
JacksonDatabind,9b,SeqC,296,4,292,98.65%
JacksonDatabind,9b,SeqP,720,83,637,88.47%
JacksonDatabind,62b,SeqC,270,46,224,82.96%
JacksonDatabind,62b,SeqP,1391,123,1268,91.16%
JacksonDatabind,77b,SeqC,292,32,260,89.04%
JacksonDatabind,77b,SeqP,1361,113,1248,91.70%
JacksonDatabind,56b,SeqC,497,39,458,92.15%
JacksonDatabind,4b,SeqC,600,29,571,95.17%
JacksonDatabind,86b,SeqC,42,20,22,52.38%
JacksonDatabind,86b,SeqP,871,101,770,88.40%
JacksonDatabind,11b,SeqC,55,35,20,36.36%
JacksonDatabind,11b,SeqP,861,150,711,82.58%
JacksonDatabind,27b,SeqP,1525,143,1382,90.62%
Math,30b,SeqC,1215,4,1211,99.67%
Math,30b,SeqP,81,1,80,98.77%
Math,59b,SeqC,0,0,0,0.00%
Math,59b,SeqP,49,32,17,34.69%
Math,66b,SeqC,3922,9,3913,99.77%
Math,66b,SeqP,2616,2,2614,99.92%
Math,32b,SeqC,648,8,640,98.77%
Math,32b,SeqP,1422,22,1400,98.45%
Math,74b,SeqC,3456,34,3422,99.02%
Math,74b,SeqP,73,22,51,69.86%
Math,73b,SeqC,434,23,411,94.70%
Math,73b,SeqP,216,37,179,82.87%
Math,87b,SeqC,2618,55,2563,97.90%
Math,87b,SeqP,19,4,15,78.95%
Math,49b,SeqC,959,117,842,87.80%
Math,49b,SeqP,1211,28,1183,97.69%
Math,82b,SeqC,5004,9,4995,99.82%
Math,82b,SeqP,1144,4,1140,99.65%
Math,106b,SeqC,3017,18,2999,99.40%
Math,106b,SeqP,1869,1,1868,99.95%
Math,60b,SeqC,1868,48,1820,97.43%
Math,60b,SeqP,0,0,0,0.00%
Math,31b,SeqP,561,65,496,88.41%
Math,75b,SeqC,1777,8,1769,99.55%
Math,75b,SeqP,880,2,878,99.77%
Math,97b,SeqC,7396,1,7395,99.99%
Math,97b,SeqP,261,37,224,85.82%
Math,104b,SeqC,640,43,597,93.28%
Math,104b,SeqP,856,26,830,96.96%
Math,5b,SeqC,202,57,145,71.78%
Math,5b,SeqP,320,26,294,91.88%
Math,91b,SeqC,2246,154,2092,93.14%
Math,91b,SeqP,368,36,332,90.22%
Math,10b,SeqC,41,39,2,4.88%
Math,10b,SeqP,62,20,42,67.74%
Math,80b,SeqC,941,105,836,88.84%
Math,80b,SeqP,3137,23,3114,99.27%
Math,43b,SeqC,3658,73,3585,98.00%
Math,43b,SeqP,640,22,618,96.56%
Math,21b,SeqC,1914,11,1903,99.43%
Math,21b,SeqP,84,15,69,82.14%
Math,23b,SeqC,3982,18,3964,99.55%
Math,23b,SeqP,716,21,695,97.07%
Math,103b,SeqC,2201,27,2174,98.77%
Math,103b,SeqP,0,0,0,0.00%
Math,16b,SeqC,0,0,0,0.00%
Math,16b,SeqP,29,22,7,24.14%
Math,81b,SeqC,811,90,721,88.90%
Math,81b,SeqP,3291,21,3270,99.36%
Math,2b,SeqC,5514,80,5434,98.55%
Math,2b,SeqP,2636,10,2626,99.62%
Math,48b,SeqC,766,26,740,96.61%
Math,48b,SeqP,35,7,28,80.00%
Math,57b,SeqC,0,0,0,0.00%
Math,57b,SeqP,125,13,112,89.60%
Math,84b,SeqP,0,0,0,0.00%
Math,45b,SeqC,6244,14,6230,99.78%
Math,45b,SeqP,62,37,25,40.32%
Math,47b,SeqC,177,60,117,66.10%
Math,47b,SeqP,388,20,368,94.85%
Math,46b,SeqC,195,59,136,69.74%
Math,46b,SeqP,367,21,346,94.28%
Math,79b,SeqC,438,42,396,90.41%
Math,79b,SeqP,71,50,21,29.58%
Math,98b,SeqC,6483,134,6349,97.93%
Math,98b,SeqP,3084,62,3022,97.99%
Math,93b,SeqC,84,17,67,79.76%
Math,93b,SeqP,50,37,13,26.00%
Math,40b,SeqC,3809,26,3783,99.32%
Math,40b,SeqP,94,25,69,73.40%
Math,72b,SeqC,2324,28,2296,98.80%
Math,72b,SeqP,171,41,130,76.02%
Math,69b,SeqC,113,40,73,64.60%
Math,69b,SeqP,4408,15,4393,99.66%
Math,17b,SeqC,139,54,85,61.15%
Math,17b,SeqP,274,14,260,94.89%
Math,52b,SeqC,2211,96,2115,95.66%
Math,52b,SeqP,3206,14,3192,99.56%
Math,90b,SeqC,393,4,389,98.98%
Math,90b,SeqP,1117,1,1116,99.91%
Math,25b,SeqC,1765,14,1751,99.21%
Math,25b,SeqP,448,13,435,97.10%
Math,102b,SeqC,4675,73,4602,98.44%
Math,102b,SeqP,82,6,76,92.68%
Math,68b,SeqC,970,1,969,99.90%
Math,68b,SeqP,349,13,336,96.28%
Math,70b,SeqC,6340,4,6336,99.94%
Math,70b,SeqP,489,4,485,99.18%
Math,34b,SeqC,6321,67,6254,98.94%
Math,34b,SeqP,1100,18,1082,98.36%
Math,63b,SeqC,370,56,314,84.86%
Math,63b,SeqP,111,71,40,36.04%
Math,28b,SeqC,4468,11,4457,99.75%
Math,28b,SeqP,1472,5,1467,99.66%
Math,78b,SeqC,4228,13,4215,99.69%
Math,78b,SeqP,70,31,39,55.71%
Math,67b,SeqC,744,38,706,94.89%
Math,67b,SeqP,89,5,84,94.38%
Math,105b,SeqC,1580,6,1574,99.62%
Math,105b,SeqP,21,3,18,85.71%
Math,42b,SeqC,1758,83,1675,95.28%
Math,42b,SeqP,1488,6,1482,99.60%
Math,65b,SeqC,1427,9,1418,99.37%
Math,65b,SeqP,394,12,382,96.95%
Math,58b,SeqC,3090,28,3062,99.09%
Math,58b,SeqP,10,1,9,90.00%
Math,94b,SeqC,91,21,70,76.92%
Math,94b,SeqP,276,106,170,61.59%
Math,13b,SeqC,740,73,667,90.14%
Math,13b,SeqP,100,16,84,84.00%
Math,64b,SeqC,773,1,772,99.87%
Math,64b,SeqP,395,11,384,97.22%
Math,39b,SeqC,2833,21,2812,99.26%
Math,39b,SeqP,44,21,23,52.27%
Math,8b,SeqC,0,0,0,0.00%
Math,8b,SeqP,165,11,154,93.33%
Math,85b,SeqC,2784,36,2748,98.71%
Math,85b,SeqP,5866,24,5842,99.59%
Math,35b,SeqC,5433,20,5413,99.63%
Math,35b,SeqP,87,7,80,91.95%
Math,29b,SeqC,672,58,614,91.37%
Math,29b,SeqP,51,2,49,96.08%
Math,61b,SeqC,810,42,768,94.81%
Math,61b,SeqP,0,0,0,0.00%
Math,95b,SeqC,1518,60,1458,96.05%
Math,95b,SeqP,3325,16,3309,99.52%
Math,14b,SeqC,1862,56,1806,96.99%
Math,14b,SeqP,239,23,216,90.38%
Math,12b,SeqC,211,2,209,99.05%
Math,12b,SeqP,129,55,74,57.36%
Math,53b,SeqC,255,55,200,78.43%
Math,53b,SeqP,713,19,694,97.34%
Math,96b,SeqC,58,38,20,34.48%
Math,96b,SeqP,3247,30,3217,99.08%
Math,15b,SeqC,12,2,10,83.33%
Math,15b,SeqP,116,80,36,31.03%
Math,89b,SeqC,760,13,747,98.29%
Math,89b,SeqP,1093,1,1092,99.91%
Math,1b,SeqC,491,167,324,65.99%
Math,1b,SeqP,195,73,122,62.56%
Math,50b,SeqC,980,35,945,96.43%
Math,50b,SeqP,27,6,21,77.78%
Math,88b,SeqC,3099,56,3043,98.19%
Math,88b,SeqP,19,4,15,78.95%
Math,24b,SeqC,4290,12,4278,99.72%
Math,24b,SeqP,858,23,835,97.32%
Math,76b,SeqC,566,149,417,73.67%
Math,76b,SeqP,2188,17,2171,99.22%
Math,7b,SeqC,1843,49,1794,97.34%
Math,7b,SeqP,38,27,11,28.95%
Math,33b,SeqC,2065,84,1981,95.93%
Math,33b,SeqP,1689,6,1683,99.64%
Math,26b,SeqC,1962,152,1810,92.25%
Math,26b,SeqP,93,46,47,50.54%
Math,36b,SeqC,1374,164,1210,88.06%
Math,36b,SeqP,192,33,159,82.81%
Math,71b,SeqC,3036,31,3005,98.98%
Math,71b,SeqP,63,26,37,58.73%
Math,6b,SeqC,284,69,215,75.70%
Math,6b,SeqP,167,39,128,76.65%
Math,37b,SeqC,234,56,178,76.07%
Math,37b,SeqP,769,23,746,97.01%
Math,41b,SeqC,1803,36,1767,98.00%
Math,41b,SeqP,738,76,662,89.70%
Math,22b,SeqC,2428,46,2382,98.11%
Math,22b,SeqP,1420,45,1375,96.83%
Math,92b,SeqC,164,38,126,76.83%
Math,92b,SeqP,225,85,140,62.22%
Math,55b,SeqC,1544,79,1465,94.88%
Math,55b,SeqP,2903,10,2893,99.66%
Math,44b,SeqC,1235,49,1186,96.03%
Math,44b,SeqP,90,35,55,61.11%
Math,3b,SeqC,1025,49,976,95.22%
Math,3b,SeqP,173,103,70,40.46%
Math,51b,SeqC,896,33,863,96.32%
Math,51b,SeqP,63,7,56,88.89%
Math,54b,SeqC,135,39,96,71.11%
Math,54b,SeqP,237,17,220,92.83%
Math,99b,SeqC,367,51,316,86.10%
Math,99b,SeqP,353,105,248,70.25%
Math,9b,SeqC,413,92,321,77.72%
Math,9b,SeqP,2754,29,2725,98.95%
Math,62b,SeqC,983,13,970,98.68%
Math,62b,SeqP,291,8,283,97.25%
Math,77b,SeqC,531,128,403,75.89%
Math,77b,SeqP,49,32,17,34.69%
Math,56b,SeqC,6169,21,6148,99.66%
Math,56b,SeqP,116,3,113,97.41%
Math,83b,SeqC,2092,58,2034,97.23%
Math,83b,SeqP,19,4,15,78.95%
Math,4b,SeqC,2645,28,2617,98.94%
Math,4b,SeqP,2343,24,2319,98.98%
Math,86b,SeqC,7566,23,7543,99.70%
Math,86b,SeqP,438,10,428,97.72%
Math,11b,SeqC,1997,73,1924,96.34%
Math,11b,SeqP,4165,12,4153,99.71%
Math,27b,SeqC,1961,169,1792,91.38%
Math,27b,SeqP,93,41,52,55.91%
JxPath,5b,SeqC,1081,200,881,81.50%
JxPath,5b,SeqP,1616,1,1615,99.94%
JxPath,10b,SeqC,344,63,281,81.69%
JxPath,10b,SeqP,369,1,368,99.73%
JxPath,21b,SeqC,1376,143,1233,89.61%
JxPath,21b,SeqP,2803,8,2795,99.71%
JxPath,16b,SeqC,1683,268,1415,84.08%
JxPath,16b,SeqP,1733,1,1732,99.94%
JxPath,2b,SeqC,2494,239,2255,90.42%
JxPath,2b,SeqP,1385,1,1384,99.93%
JxPath,18b,SeqC,2412,24,2388,99.00%
JxPath,18b,SeqP,1744,1,1743,99.94%
JxPath,17b,SeqC,5643,12,5631,99.79%
JxPath,17b,SeqP,279,1,278,99.64%
JxPath,13b,SeqC,1418,157,1261,88.93%
JxPath,13b,SeqP,1674,1,1673,99.94%
JxPath,8b,SeqC,674,74,600,89.02%
JxPath,8b,SeqP,359,1,358,99.72%
JxPath,14b,SeqC,2493,105,2388,95.79%
JxPath,14b,SeqP,1138,1,1137,99.91%
JxPath,12b,SeqC,1781,259,1522,85.46%
JxPath,12b,SeqP,1675,1,1674,99.94%
JxPath,15b,SeqC,1351,17,1334,98.74%
JxPath,15b,SeqP,1746,1,1745,99.94%
JxPath,1b,SeqC,1576,150,1426,90.48%
JxPath,1b,SeqP,1385,1,1384,99.93%
JxPath,7b,SeqC,660,103,557,84.39%
JxPath,7b,SeqP,349,1,348,99.71%
JxPath,6b,SeqC,1216,102,1114,91.61%
JxPath,6b,SeqP,1644,1,1643,99.94%
JxPath,19b,SeqC,1788,302,1486,83.11%
JxPath,19b,SeqP,2673,9,2664,99.66%
JxPath,20b,SeqC,437,63,374,85.58%
JxPath,20b,SeqP,3049,1,3048,99.97%
JxPath,22b,SeqC,2859,230,2629,91.96%
JxPath,22b,SeqP,2951,10,2941,99.66%
JxPath,3b,SeqC,2096,67,2029,96.80%
JxPath,3b,SeqP,1369,1,1368,99.93%
JxPath,9b,SeqC,982,297,685,69.76%
JxPath,9b,SeqP,1665,1,1664,99.94%
JxPath,4b,SeqC,1570,180,1390,88.54%
JxPath,4b,SeqP,1456,1,1455,99.93%
JxPath,11b,SeqC,5910,12,5898,99.80%
JxPath,11b,SeqP,279,1,278,99.64%
Cli,30b,SeqC,1815,66,1749,96.36%
Cli,32b,SeqC,282,72,210,74.47%
Cli,31b,SeqC,390,153,237,60.77%
Cli,5b,SeqP,2842,21,2821,99.26%
Cli,10b,SeqC,2452,54,2398,97.80%
Cli,21b,SeqC,800,171,629,78.63%
Cli,21b,SeqP,478,28,450,94.14%
Cli,23b,SeqC,2402,103,2299,95.71%
Cli,16b,SeqC,648,202,446,68.83%
Cli,16b,SeqP,947,35,912,96.30%
Cli,2b,SeqC,2940,13,2927,99.56%
Cli,2b,SeqP,2901,23,2878,99.21%
Cli,18b,SeqC,2748,19,2729,99.31%
Cli,18b,SeqP,2803,26,2777,99.07%
Cli,38b,SeqC,3676,41,3635,98.88%
Cli,38b,SeqP,2595,7,2588,99.73%
Cli,40b,SeqC,7133,33,7100,99.54%
Cli,40b,SeqP,4100,14,4086,99.66%
Cli,17b,SeqC,2834,19,2815,99.33%
Cli,17b,SeqP,2785,25,2760,99.10%
Cli,25b,SeqC,1773,102,1671,94.25%
Cli,25b,SeqP,4298,47,4251,98.91%
Cli,34b,SeqC,1625,182,1443,88.80%
Cli,28b,SeqC,2449,43,2406,98.24%
Cli,13b,SeqC,491,159,332,67.62%
Cli,13b,SeqP,390,26,364,93.33%
Cli,39b,SeqC,7532,22,7510,99.71%
Cli,39b,SeqP,3868,6,3862,99.84%
Cli,8b,SeqC,2256,89,2167,96.05%
Cli,35b,SeqC,1366,24,1342,98.24%
Cli,29b,SeqP,3451,19,3432,99.45%
Cli,14b,SeqC,1534,120,1414,92.18%
Cli,14b,SeqP,574,31,543,94.60%
Cli,12b,SeqC,836,15,821,98.21%
Cli,12b,SeqP,4783,19,4764,99.60%
Cli,15b,SeqC,658,104,554,84.19%
Cli,15b,SeqP,1498,21,1477,98.60%
Cli,1b,SeqC,1087,53,1034,95.12%
Cli,1b,SeqP,2252,21,2231,99.07%
Cli,24b,SeqC,2232,92,2140,95.88%
Cli,24b,SeqP,4759,44,4715,99.08%
Cli,33b,SeqC,129,50,79,61.24%
Cli,26b,SeqC,899,14,885,98.44%
Cli,36b,SeqC,1041,24,1017,97.69%
Cli,37b,SeqC,3345,40,3305,98.80%
Cli,37b,SeqP,3473,7,3466,99.80%
Cli,19b,SeqC,2827,19,2808,99.33%
Cli,19b,SeqP,2926,24,2902,99.18%
Cli,20b,SeqC,2750,19,2731,99.31%
Cli,20b,SeqP,3255,28,3227,99.14%
Cli,22b,SeqC,3257,17,3240,99.48%
Cli,22b,SeqP,3155,15,3140,99.52%
Cli,9b,SeqC,2520,49,2471,98.06%
Cli,4b,SeqC,2491,50,2441,97.99%
Cli,4b,SeqP,2675,18,2657,99.33%
Cli,11b,SeqC,136,50,86,63.24%
Cli,11b,SeqP,242,27,215,88.84%
Cli,27b,SeqC,521,14,507,97.31%
Csv,5b,SeqC,2353,54,2299,97.71%
Csv,5b,SeqP,1133,6,1127,99.47%
Csv,10b,SeqC,667,47,620,92.95%
Csv,10b,SeqP,1606,19,1587,98.82%
Csv,16b,SeqC,2910,60,2850,97.94%
Csv,16b,SeqP,859,9,850,98.95%
Csv,2b,SeqC,627,2,625,99.68%
Csv,2b,SeqP,1565,18,1547,98.85%
Csv,13b,SeqC,897,154,743,82.83%
Csv,13b,SeqP,1401,40,1361,97.14%
Csv,8b,SeqC,430,57,373,86.74%
Csv,8b,SeqP,1389,35,1354,97.48%
Csv,14b,SeqC,800,292,508,63.50%
Csv,14b,SeqP,975,22,953,97.74%
Csv,12b,SeqC,691,167,524,75.83%
Csv,12b,SeqP,1691,44,1647,97.40%
Csv,15b,SeqC,1813,239,1574,86.82%
Csv,15b,SeqP,924,28,896,96.97%
Csv,1b,SeqC,6295,4,6291,99.94%
Csv,1b,SeqP,2888,16,2872,99.45%
Csv,7b,SeqC,2079,81,1998,96.10%
Csv,7b,SeqP,1910,26,1884,98.64%
Csv,6b,SeqC,1336,136,1200,89.82%
Csv,6b,SeqP,1954,28,1926,98.57%
Csv,3b,SeqC,6824,2,6822,99.97%
Csv,3b,SeqP,1697,15,1682,99.12%
Csv,9b,SeqC,1325,127,1198,90.42%
Csv,9b,SeqP,1910,26,1884,98.64%
Csv,4b,SeqC,2791,74,2717,97.35%
Csv,4b,SeqP,2303,26,2277,98.87%
Csv,11b,SeqC,3472,87,3385,97.49%
Csv,11b,SeqP,1774,29,1745,98.37%
