project,1200,project,{bug_id}f,0{test_id}
Chart,1200,Chart,1f,00
Chart,1200,Chart,1f,04
Chart,1200,Chart,4f,00
Chart,1200,Chart,4f,01
Chart,1200,Chart,4f,02
Chart,1200,Chart,4f,03
Chart,1200,Chart,4f,04
Chart,1200,Chart,5f,00
Chart,1200,Chart,5f,01
Chart,1200,Chart,5f,02
Chart,1200,Chart,5f,03
Chart,1200,Chart,5f,04
Chart,1200,Chart,6f,00
Chart,1200,Chart,6f,02
Chart,1200,Chart,6f,03
Chart,1200,Chart,6f,04
Chart,1200,Chart,8f,00
Chart,1200,Chart,8f,01
Chart,1200,Chart,8f,02
Chart,1200,Chart,8f,03
Chart,1200,Chart,8f,04
Chart,1200,Chart,11f,00
Chart,1200,Chart,11f,01
Chart,1200,Chart,11f,02
Chart,1200,Chart,11f,03
Chart,1200,Chart,11f,04
Chart,1200,Chart,15f,00
Chart,1200,Chart,15f,01
Chart,1200,Chart,15f,02
Chart,1200,Chart,15f,03
Chart,1200,Chart,15f,04
Chart,1200,Chart,16f,00
Chart,1200,Chart,16f,01
Chart,1200,Chart,16f,02
Chart,1200,Chart,16f,03
Chart,1200,Chart,17f,01
Chart,1200,Chart,17f,02
Chart,1200,Chart,18f,00
Chart,1200,Chart,18f,01
Chart,1200,Chart,18f,02
Chart,1200,Chart,18f,03
Chart,1200,Chart,18f,04
Chart,1200,Chart,19f,01
Chart,1200,Chart,19f,02
Chart,1200,Chart,19f,03
Chart,1200,Chart,20f,00
Chart,1200,Chart,22f,00
Chart,1200,Chart,22f,01
Chart,1200,Chart,22f,02
Chart,1200,Chart,22f,03
Chart,1200,Chart,22f,04
Chart,1200,Chart,24f,00
Chart,1200,Chart,24f,01
Chart,1200,Chart,24f,02
Chart,1200,Chart,24f,03
Chart,1200,Chart,24f,04
Cli,1200,Cli,1f,00
Cli,1200,Cli,1f,01
Cli,1200,Cli,1f,02
Cli,1200,Cli,1f,03
Cli,1200,Cli,8f,02
Cli,1200,Cli,13f,00
Cli,1200,Cli,13f,01
Cli,1200,Cli,13f,02
Cli,1200,Cli,13f,03
Cli,1200,Cli,13f,04
Cli,1200,Cli,16f,00
Cli,1200,Cli,16f,01
Cli,1200,Cli,16f,02
Cli,1200,Cli,16f,03
Cli,1200,Cli,21f,00
Cli,1200,Cli,21f,01
Cli,1200,Cli,21f,02
Cli,1200,Cli,21f,03
Cli,1200,Cli,21f,04
Cli,1200,Cli,23f,00
Cli,1200,Cli,23f,01
Cli,1200,Cli,23f,02
Cli,1200,Cli,23f,03
Cli,1200,Cli,23f,04
Cli,1200,Cli,24f,00
Cli,1200,Cli,24f,01
Cli,1200,Cli,24f,02
Cli,1200,Cli,24f,03
Cli,1200,Cli,24f,04
Cli,1200,Cli,25f,00
Cli,1200,Cli,25f,01
Cli,1200,Cli,25f,02
Cli,1200,Cli,25f,03
Cli,1200,Cli,25f,04
Cli,1200,Cli,26f,00
Cli,1200,Cli,26f,01
Cli,1200,Cli,31f,04
Cli,1200,Cli,32f,00
Cli,1200,Cli,32f,01
Cli,1200,Cli,32f,02
Cli,1200,Cli,32f,03
Cli,1200,Cli,32f,04
Cli,1200,Cli,33f,00
Cli,1200,Cli,33f,02
Cli,1200,Cli,33f,04
Cli,1200,Cli,39f,00
Cli,1200,Cli,39f,01
Cli,1200,Cli,39f,02
Cli,1200,Cli,39f,03
Cli,1200,Cli,39f,04
Cli,1200,Cli,40f,00
Cli,1200,Cli,40f,01
Cli,1200,Cli,40f,02
Cli,1200,Cli,40f,03
Cli,1200,Cli,40f,04
Closure,1200,Closure,28f,04
Closure,1200,Closure,30f,00
Closure,1200,Closure,30f,02
Closure,1200,Closure,30f,04
Closure,1200,Closure,33f,02
Closure,1200,Closure,39f,00
Closure,1200,Closure,39f,04
Closure,1200,Closure,51f,00
Closure,1200,Closure,51f,02
Closure,1200,Closure,51f,03
Closure,1200,Closure,51f,04
Closure,1200,Closure,56f,03
Closure,1200,Closure,94f,00
Closure,1200,Closure,128f,00
Closure,1200,Closure,137f,00
Closure,1200,Closure,137f,02
Closure,1200,Closure,137f,04
Closure,1200,Closure,140f,00
Closure,1200,Closure,140f,01
Closure,1200,Closure,140f,03
Closure,1200,Closure,141f,01
Closure,1200,Closure,141f,02
Closure,1200,Closure,144f,00
Closure,1200,Closure,144f,03
Closure,1200,Closure,144f,04
Closure,1200,Closure,149f,04
Closure,1200,Closure,155f,02
Closure,1200,Closure,155f,03
Closure,1200,Closure,158f,00
Closure,1200,Closure,158f,01
Closure,1200,Closure,158f,03
Closure,1200,Closure,162f,00
Closure,1200,Closure,162f,04
Closure,1200,Closure,163f,00
Closure,1200,Closure,163f,04
Closure,1200,Closure,165f,00
Closure,1200,Closure,169f,00
Closure,1200,Closure,169f,02
Closure,1200,Closure,174f,00
Codec,1200,Codec,2f,04
Codec,1200,Codec,4f,01
Codec,1200,Codec,4f,02
Codec,1200,Codec,4f,03
Codec,1200,Codec,4f,04
Codec,1200,Codec,12f,00
Codec,1200,Codec,12f,04
Collections,1200,Collections,26f,00
Collections,1200,Collections,26f,02
Collections,1200,Collections,26f,03
Collections,1200,Collections,26f,04
Compress,1200,Compress,1f,00
Compress,1200,Compress,1f,01
Compress,1200,Compress,1f,02
Compress,1200,Compress,1f,03
Compress,1200,Compress,1f,04
Compress,1200,Compress,3f,00
Compress,1200,Compress,3f,03
Compress,1200,Compress,3f,04
Compress,1200,Compress,4f,00
Compress,1200,Compress,4f,01
Compress,1200,Compress,4f,02
Compress,1200,Compress,4f,03
Compress,1200,Compress,4f,04
Compress,1200,Compress,6f,00
Compress,1200,Compress,6f,01
Compress,1200,Compress,6f,02
Compress,1200,Compress,6f,03
Compress,1200,Compress,6f,04
Compress,1200,Compress,7f,00
Compress,1200,Compress,7f,01
Compress,1200,Compress,7f,02
Compress,1200,Compress,7f,03
Compress,1200,Compress,7f,04
Compress,1200,Compress,8f,00
Compress,1200,Compress,8f,01
Compress,1200,Compress,8f,02
Compress,1200,Compress,8f,03
Compress,1200,Compress,8f,04
Compress,1200,Compress,15f,01
Compress,1200,Compress,24f,02
Compress,1200,Compress,33f,00
Compress,1200,Compress,33f,01
Compress,1200,Compress,33f,02
Compress,1200,Compress,33f,03
Compress,1200,Compress,33f,04
Compress,1200,Compress,34f,00
Compress,1200,Compress,34f,01
Compress,1200,Compress,34f,02
Compress,1200,Compress,34f,03
Compress,1200,Compress,34f,04
Compress,1200,Compress,35f,02
Compress,1200,Compress,35f,04
Compress,1200,Compress,39f,00
Compress,1200,Compress,44f,00
Compress,1200,Compress,44f,01
Compress,1200,Compress,44f,02
Compress,1200,Compress,44f,03
Compress,1200,Compress,44f,04
Compress,1200,Compress,45f,01
Compress,1200,Compress,45f,04
Compress,1200,Compress,47f,00
Compress,1200,Compress,47f,02
Compress,1200,Compress,47f,03
Csv,1200,Csv,4f,02
Csv,1200,Csv,4f,03
Csv,1200,Csv,4f,04
Csv,1200,Csv,5f,02
Csv,1200,Csv,5f,03
Csv,1200,Csv,5f,04
Csv,1200,Csv,9f,03
Csv,1200,Csv,9f,04
Csv,1200,Csv,10f,02
Csv,1200,Csv,10f,03
Csv,1200,Csv,13f,04
Csv,1200,Csv,16f,03
Csv,1200,Csv,16f,04
Gson,1200,Gson,2f,01
Gson,1200,Gson,2f,02
Gson,1200,Gson,2f,04
Gson,1200,Gson,12f,00
Gson,1200,Gson,12f,02
Gson,1200,Gson,12f,04
Gson,1200,Gson,17f,02
Gson,1200,Gson,17f,04
JacksonCore,1200,JacksonCore,1f,00
JacksonCore,1200,JacksonCore,1f,01
JacksonCore,1200,JacksonCore,1f,02
JacksonCore,1200,JacksonCore,1f,03
JacksonCore,1200,JacksonCore,1f,04
JacksonCore,1200,JacksonCore,2f,00
JacksonCore,1200,JacksonCore,3f,04
JacksonCore,1200,JacksonCore,7f,00
JacksonCore,1200,JacksonCore,7f,04
JacksonCore,1200,JacksonCore,8f,01
JacksonCore,1200,JacksonCore,8f,02
JacksonCore,1200,JacksonCore,8f,03
JacksonCore,1200,JacksonCore,8f,04
JacksonCore,1200,JacksonCore,10f,00
JacksonCore,1200,JacksonCore,10f,02
JacksonCore,1200,JacksonCore,10f,03
JacksonCore,1200,JacksonCore,10f,04
JacksonCore,1200,JacksonCore,14f,00
JacksonCore,1200,JacksonCore,14f,02
JacksonCore,1200,JacksonCore,14f,04
JacksonCore,1200,JacksonCore,16f,00
JacksonCore,1200,JacksonCore,16f,01
JacksonCore,1200,JacksonCore,16f,02
JacksonCore,1200,JacksonCore,16f,03
JacksonCore,1200,JacksonCore,16f,04
JacksonCore,1200,JacksonCore,17f,00
JacksonCore,1200,JacksonCore,17f,02
JacksonCore,1200,JacksonCore,20f,03
JacksonCore,1200,JacksonCore,24f,02
JacksonDatabind,1200,JacksonDatabind,2f,04
JacksonDatabind,1200,JacksonDatabind,4f,04
JacksonDatabind,1200,JacksonDatabind,10f,01
JacksonDatabind,1200,JacksonDatabind,14f,00
JacksonDatabind,1200,JacksonDatabind,15f,01
JacksonDatabind,1200,JacksonDatabind,15f,03
JacksonDatabind,1200,JacksonDatabind,18f,03
JacksonDatabind,1200,JacksonDatabind,22f,00
JacksonDatabind,1200,JacksonDatabind,22f,04
JacksonDatabind,1200,JacksonDatabind,30f,00
JacksonDatabind,1200,JacksonDatabind,30f,01
JacksonDatabind,1200,JacksonDatabind,30f,02
JacksonDatabind,1200,JacksonDatabind,30f,03
JacksonDatabind,1200,JacksonDatabind,30f,04
JacksonDatabind,1200,JacksonDatabind,31f,00
JacksonDatabind,1200,JacksonDatabind,31f,02
JacksonDatabind,1200,JacksonDatabind,36f,00
JacksonDatabind,1200,JacksonDatabind,36f,01
JacksonDatabind,1200,JacksonDatabind,36f,02
JacksonDatabind,1200,JacksonDatabind,36f,03
JacksonDatabind,1200,JacksonDatabind,41f,00
JacksonDatabind,1200,JacksonDatabind,52f,02
JacksonDatabind,1200,JacksonDatabind,57f,00
JacksonDatabind,1200,JacksonDatabind,57f,01
JacksonDatabind,1200,JacksonDatabind,57f,02
JacksonDatabind,1200,JacksonDatabind,57f,03
JacksonDatabind,1200,JacksonDatabind,59f,03
JacksonDatabind,1200,JacksonDatabind,59f,04
JacksonDatabind,1200,JacksonDatabind,63f,01
JacksonDatabind,1200,JacksonDatabind,63f,04
JacksonDatabind,1200,JacksonDatabind,73f,00
JacksonDatabind,1200,JacksonDatabind,73f,03
JacksonDatabind,1200,JacksonDatabind,75f,00
JacksonDatabind,1200,JacksonDatabind,75f,01
JacksonDatabind,1200,JacksonDatabind,75f,03
JacksonDatabind,1200,JacksonDatabind,77f,00
JacksonDatabind,1200,JacksonDatabind,78f,00
JacksonDatabind,1200,JacksonDatabind,78f,02
JacksonDatabind,1200,JacksonDatabind,78f,03
JacksonDatabind,1200,JacksonDatabind,78f,04
JacksonDatabind,1200,JacksonDatabind,79f,02
JacksonDatabind,1200,JacksonDatabind,79f,04
JacksonDatabind,1200,JacksonDatabind,87f,00
JacksonDatabind,1200,JacksonDatabind,87f,01
JacksonDatabind,1200,JacksonDatabind,87f,02
JacksonDatabind,1200,JacksonDatabind,87f,03
JacksonDatabind,1200,JacksonDatabind,87f,04
JacksonDatabind,1200,JacksonDatabind,97f,01
JacksonDatabind,1200,JacksonDatabind,97f,02
JacksonDatabind,1200,JacksonDatabind,102f,02
JacksonDatabind,1200,JacksonDatabind,103f,00
JacksonDatabind,1200,JacksonDatabind,103f,01
JacksonDatabind,1200,JacksonDatabind,103f,02
JacksonDatabind,1200,JacksonDatabind,103f,04
JacksonDatabind,1200,JacksonDatabind,104f,00
JacksonDatabind,1200,JacksonDatabind,104f,01
JacksonDatabind,1200,JacksonDatabind,108f,00
JacksonDatabind,1200,JacksonDatabind,108f,03
JacksonDatabind,1200,JacksonDatabind,109f,00
JacksonDatabind,1200,JacksonDatabind,109f,01
JacksonXml,1200,JacksonXml,4f,00
JacksonXml,1200,JacksonXml,4f,02
JacksonXml,1200,JacksonXml,4f,04
JacksonXml,1200,JacksonXml,6f,00
JacksonXml,1200,JacksonXml,6f,01
JacksonXml,1200,JacksonXml,6f,02
JacksonXml,1200,JacksonXml,6f,03
JacksonXml,1200,JacksonXml,6f,04
Jsoup,1200,Jsoup,1f,00
Jsoup,1200,Jsoup,1f,01
Jsoup,1200,Jsoup,1f,03
Jsoup,1200,Jsoup,2f,00
Jsoup,1200,Jsoup,3f,00
Jsoup,1200,Jsoup,3f,01
Jsoup,1200,Jsoup,3f,02
Jsoup,1200,Jsoup,3f,03
Jsoup,1200,Jsoup,3f,04
Jsoup,1200,Jsoup,6f,00
Jsoup,1200,Jsoup,7f,00
Jsoup,1200,Jsoup,7f,02
Jsoup,1200,Jsoup,7f,03
Jsoup,1200,Jsoup,8f,00
Jsoup,1200,Jsoup,8f,02
Jsoup,1200,Jsoup,8f,03
Jsoup,1200,Jsoup,11f,00
Jsoup,1200,Jsoup,11f,02
Jsoup,1200,Jsoup,11f,03
Jsoup,1200,Jsoup,14f,02
Jsoup,1200,Jsoup,14f,03
Jsoup,1200,Jsoup,16f,00
Jsoup,1200,Jsoup,16f,01
Jsoup,1200,Jsoup,16f,02
Jsoup,1200,Jsoup,16f,03
Jsoup,1200,Jsoup,16f,04
Jsoup,1200,Jsoup,18f,03
Jsoup,1200,Jsoup,18f,04
Jsoup,1200,Jsoup,21f,00
Jsoup,1200,Jsoup,21f,01
Jsoup,1200,Jsoup,21f,02
Jsoup,1200,Jsoup,21f,03
Jsoup,1200,Jsoup,21f,04
Jsoup,1200,Jsoup,22f,00
Jsoup,1200,Jsoup,22f,01
Jsoup,1200,Jsoup,22f,02
Jsoup,1200,Jsoup,22f,03
Jsoup,1200,Jsoup,22f,04
Jsoup,1200,Jsoup,23f,00
Jsoup,1200,Jsoup,26f,00
Jsoup,1200,Jsoup,26f,02
Jsoup,1200,Jsoup,26f,03
Jsoup,1200,Jsoup,26f,04
Jsoup,1200,Jsoup,28f,01
Jsoup,1200,Jsoup,28f,02
Jsoup,1200,Jsoup,28f,04
Jsoup,1200,Jsoup,30f,01
Jsoup,1200,Jsoup,30f,02
Jsoup,1200,Jsoup,30f,03
Jsoup,1200,Jsoup,31f,03
Jsoup,1200,Jsoup,40f,00
Jsoup,1200,Jsoup,40f,01
Jsoup,1200,Jsoup,40f,02
Jsoup,1200,Jsoup,40f,03
Jsoup,1200,Jsoup,40f,04
Jsoup,1200,Jsoup,41f,01
Jsoup,1200,Jsoup,41f,03
Jsoup,1200,Jsoup,41f,04
Jsoup,1200,Jsoup,49f,00
Jsoup,1200,Jsoup,49f,01
Jsoup,1200,Jsoup,50f,00
Jsoup,1200,Jsoup,50f,01
Jsoup,1200,Jsoup,50f,02
Jsoup,1200,Jsoup,50f,03
Jsoup,1200,Jsoup,50f,04
Jsoup,1200,Jsoup,52f,00
Jsoup,1200,Jsoup,52f,01
Jsoup,1200,Jsoup,52f,02
Jsoup,1200,Jsoup,52f,03
Jsoup,1200,Jsoup,52f,04
Jsoup,1200,Jsoup,56f,01
Jsoup,1200,Jsoup,56f,03
Jsoup,1200,Jsoup,56f,04
Jsoup,1200,Jsoup,58f,00
Jsoup,1200,Jsoup,58f,01
Jsoup,1200,Jsoup,58f,02
Jsoup,1200,Jsoup,58f,03
Jsoup,1200,Jsoup,58f,04
Jsoup,1200,Jsoup,59f,01
Jsoup,1200,Jsoup,60f,00
Jsoup,1200,Jsoup,60f,01
Jsoup,1200,Jsoup,60f,02
Jsoup,1200,Jsoup,60f,03
Jsoup,1200,Jsoup,60f,04
Jsoup,1200,Jsoup,62f,02
Jsoup,1200,Jsoup,72f,03
Jsoup,1200,Jsoup,74f,00
Jsoup,1200,Jsoup,74f,02
Jsoup,1200,Jsoup,74f,04
Jsoup,1200,Jsoup,77f,00
Jsoup,1200,Jsoup,77f,03
Jsoup,1200,Jsoup,77f,04
Jsoup,1200,Jsoup,79f,01
Jsoup,1200,Jsoup,83f,04
Jsoup,1200,Jsoup,86f,00
Jsoup,1200,Jsoup,86f,01
Jsoup,1200,Jsoup,86f,03
Jsoup,1200,Jsoup,86f,04
Jsoup,1200,Jsoup,87f,03
Jsoup,1200,Jsoup,88f,00
Jsoup,1200,Jsoup,88f,01
Jsoup,1200,Jsoup,88f,02
Jsoup,1200,Jsoup,88f,03
Jsoup,1200,Jsoup,88f,04
Jsoup,1200,Jsoup,89f,00
Jsoup,1200,Jsoup,89f,01
Jsoup,1200,Jsoup,89f,02
Jsoup,1200,Jsoup,89f,03
Jsoup,1200,Jsoup,89f,04
Jsoup,1200,Jsoup,91f,02
Jsoup,1200,Jsoup,91f,04
Jsoup,1200,Jsoup,92f,01
JxPath,1200,JxPath,4f,00
JxPath,1200,JxPath,4f,02
JxPath,1200,JxPath,6f,00
JxPath,1200,JxPath,7f,00
JxPath,1200,JxPath,7f,02
JxPath,1200,JxPath,7f,03
JxPath,1200,JxPath,7f,04
JxPath,1200,JxPath,8f,00
JxPath,1200,JxPath,8f,02
JxPath,1200,JxPath,9f,00
JxPath,1200,JxPath,9f,02
JxPath,1200,JxPath,9f,04
JxPath,1200,JxPath,10f,00
JxPath,1200,JxPath,13f,00
JxPath,1200,JxPath,13f,01
JxPath,1200,JxPath,13f,02
JxPath,1200,JxPath,13f,03
JxPath,1200,JxPath,13f,04
JxPath,1200,JxPath,16f,03
JxPath,1200,JxPath,21f,02
Lang,1200,Lang,7f,01
Lang,1200,Lang,7f,02
Lang,1200,Lang,9f,02
Lang,1200,Lang,9f,04
Lang,1200,Lang,18f,04
Lang,1200,Lang,27f,00
Lang,1200,Lang,27f,01
Lang,1200,Lang,27f,02
Lang,1200,Lang,27f,03
Lang,1200,Lang,27f,04
Lang,1200,Lang,29f,00
Lang,1200,Lang,29f,01
Lang,1200,Lang,29f,02
Lang,1200,Lang,29f,03
Lang,1200,Lang,29f,04
Lang,1200,Lang,30f,00
Lang,1200,Lang,30f,01
Lang,1200,Lang,30f,02
Lang,1200,Lang,30f,03
Lang,1200,Lang,30f,04
Lang,1200,Lang,33f,01
Lang,1200,Lang,33f,02
Lang,1200,Lang,35f,00
Lang,1200,Lang,35f,01
Lang,1200,Lang,35f,02
Lang,1200,Lang,35f,04
Lang,1200,Lang,36f,04
Lang,1200,Lang,37f,00
Lang,1200,Lang,37f,02
Lang,1200,Lang,41f,00
Lang,1200,Lang,41f,01
Lang,1200,Lang,41f,02
Lang,1200,Lang,41f,03
Lang,1200,Lang,45f,00
Lang,1200,Lang,45f,01
Lang,1200,Lang,45f,02
Lang,1200,Lang,45f,03
Lang,1200,Lang,45f,04
Lang,1200,Lang,56f,00
Lang,1200,Lang,56f,01
Lang,1200,Lang,56f,02
Lang,1200,Lang,56f,03
Lang,1200,Lang,56f,04
Lang,1200,Lang,59f,02
Lang,1200,Lang,59f,03
Math,1200,Math,1f,00
Math,1200,Math,1f,01
Math,1200,Math,1f,02
Math,1200,Math,1f,03
Math,1200,Math,1f,04
Math,1200,Math,2f,00
Math,1200,Math,2f,04
Math,1200,Math,4f,01
Math,1200,Math,4f,03
Math,1200,Math,4f,04
Math,1200,Math,5f,00
Math,1200,Math,5f,01
Math,1200,Math,5f,02
Math,1200,Math,5f,03
Math,1200,Math,5f,04
Math,1200,Math,6f,00
Math,1200,Math,6f,01
Math,1200,Math,6f,02
Math,1200,Math,6f,04
Math,1200,Math,9f,02
Math,1200,Math,9f,03
Math,1200,Math,9f,04
Math,1200,Math,10f,03
Math,1200,Math,13f,02
Math,1200,Math,13f,04
Math,1200,Math,14f,00
Math,1200,Math,14f,01
Math,1200,Math,14f,02
Math,1200,Math,14f,03
Math,1200,Math,14f,04
Math,1200,Math,17f,00
Math,1200,Math,17f,01
Math,1200,Math,17f,02
Math,1200,Math,17f,04
Math,1200,Math,22f,01
Math,1200,Math,22f,02
Math,1200,Math,23f,00
Math,1200,Math,24f,00
Math,1200,Math,24f,01
Math,1200,Math,25f,04
Math,1200,Math,26f,01
Math,1200,Math,26f,03
Math,1200,Math,27f,00
Math,1200,Math,27f,02
Math,1200,Math,27f,03
Math,1200,Math,27f,04
Math,1200,Math,31f,00
Math,1200,Math,31f,04
Math,1200,Math,35f,00
Math,1200,Math,35f,01
Math,1200,Math,35f,02
Math,1200,Math,35f,03
Math,1200,Math,35f,04
Math,1200,Math,37f,00
Math,1200,Math,37f,01
Math,1200,Math,37f,02
Math,1200,Math,37f,04
Math,1200,Math,46f,02
Math,1200,Math,46f,03
Math,1200,Math,46f,04
Math,1200,Math,47f,00
Math,1200,Math,47f,02
Math,1200,Math,47f,03
Math,1200,Math,53f,03
Math,1200,Math,54f,00
Math,1200,Math,54f,01
Math,1200,Math,54f,02
Math,1200,Math,54f,03
Math,1200,Math,55f,00
Math,1200,Math,55f,01
Math,1200,Math,56f,00
Math,1200,Math,56f,01
Math,1200,Math,56f,02
Math,1200,Math,56f,03
Math,1200,Math,56f,04
Math,1200,Math,59f,00
Math,1200,Math,59f,01
Math,1200,Math,59f,02
Math,1200,Math,59f,03
Math,1200,Math,59f,04
Math,1200,Math,61f,01
Math,1200,Math,61f,02
Math,1200,Math,61f,03
Math,1200,Math,63f,03
Math,1200,Math,66f,00
Math,1200,Math,66f,01
Math,1200,Math,66f,02
Math,1200,Math,66f,03
Math,1200,Math,66f,04
Math,1200,Math,67f,02
Math,1200,Math,68f,00
Math,1200,Math,68f,01
Math,1200,Math,68f,02
Math,1200,Math,68f,03
Math,1200,Math,68f,04
Math,1200,Math,75f,00
Math,1200,Math,75f,01
Math,1200,Math,75f,02
Math,1200,Math,75f,03
Math,1200,Math,75f,04
Math,1200,Math,77f,00
Math,1200,Math,77f,02
Math,1200,Math,77f,03
Math,1200,Math,79f,00
Math,1200,Math,79f,01
Math,1200,Math,79f,02
Math,1200,Math,79f,04
Math,1200,Math,85f,02
Math,1200,Math,85f,04
Math,1200,Math,89f,00
Math,1200,Math,89f,01
Math,1200,Math,89f,02
Math,1200,Math,89f,03
Math,1200,Math,89f,04
Math,1200,Math,90f,00
Math,1200,Math,90f,01
Math,1200,Math,90f,02
Math,1200,Math,90f,03
Math,1200,Math,90f,04
Math,1200,Math,93f,04
Math,1200,Math,94f,02
Math,1200,Math,94f,04
Math,1200,Math,95f,00
Math,1200,Math,95f,01
Math,1200,Math,95f,02
Math,1200,Math,95f,03
Math,1200,Math,95f,04
Math,1200,Math,96f,03
Math,1200,Math,96f,04
Math,1200,Math,98f,00
Math,1200,Math,98f,01
Math,1200,Math,98f,02
Math,1200,Math,98f,03
Math,1200,Math,98f,04
Math,1200,Math,103f,00
Math,1200,Math,103f,01
Math,1200,Math,103f,02
Math,1200,Math,103f,03
Math,1200,Math,103f,04
Math,1200,Math,104f,00
Math,1200,Math,104f,01
Math,1200,Math,104f,02
Math,1200,Math,104f,03
Math,1200,Math,104f,04
Math,1200,Math,105f,00
Math,1200,Math,105f,01
Math,1200,Math,105f,02
Math,1200,Math,105f,03
Math,1200,Math,105f,04
Time,1200,Time,2f,01
Time,1200,Time,2f,03
Time,1200,Time,2f,04
Time,1200,Time,5f,02
Time,1200,Time,6f,04
Time,1200,Time,22f,00
Time,1200,Time,27f,04
