project,1200,project,{bug_id}b,0{test_id}
Chart,1200,Chart,1b,00
Chart,1200,Chart,1b,04
Chart,1200,Chart,4b,00
Chart,1200,Chart,4b,01
Chart,1200,Chart,4b,02
Chart,1200,Chart,4b,03
Chart,1200,Chart,4b,04
Chart,1200,Chart,5b,00
Chart,1200,Chart,5b,01
Chart,1200,Chart,5b,02
Chart,1200,Chart,5b,03
Chart,1200,Chart,5b,04
Chart,1200,Chart,14b,00
Chart,1200,Chart,14b,01
Chart,1200,Chart,14b,02
Chart,1200,Chart,14b,03
Chart,1200,Chart,14b,04
Chart,1200,Chart,15b,00
Chart,1200,Chart,15b,01
Chart,1200,Chart,15b,02
Chart,1200,Chart,15b,03
Chart,1200,Chart,15b,04
Chart,1200,Chart,16b,00
Chart,1200,Chart,16b,01
Chart,1200,Chart,16b,02
Chart,1200,Chart,17b,00
Chart,1200,Chart,17b,01
Chart,1200,Chart,17b,02
Chart,1200,Chart,17b,03
Chart,1200,Chart,17b,04
Chart,1200,Chart,18b,00
Chart,1200,Chart,18b,01
Chart,1200,Chart,18b,02
Chart,1200,Chart,18b,03
Chart,1200,Chart,18b,04
Chart,1200,Chart,22b,00
Chart,1200,Chart,22b,01
Chart,1200,Chart,22b,02
Chart,1200,Chart,22b,03
Chart,1200,Chart,22b,04
Chart,1200,Chart,23b,02
Chart,1200,Chart,23b,03
Chart,1200,Chart,23b,04
Chart,1200,Chart,24b,00
Chart,1200,Chart,24b,01
Chart,1200,Chart,24b,02
Chart,1200,Chart,24b,03
Chart,1200,Chart,24b,04
Cli,1200,Cli,1b,00
Cli,1200,Cli,1b,01
Cli,1200,Cli,1b,02
Cli,1200,Cli,1b,03
Cli,1200,Cli,1b,04
Cli,1200,Cli,24b,00
Cli,1200,Cli,24b,01
Cli,1200,Cli,24b,02
Cli,1200,Cli,24b,03
Cli,1200,Cli,24b,04
Cli,1200,Cli,31b,01
Cli,1200,Cli,34b,01
Cli,1200,Cli,34b,02
Closure,1200,Closure,33b,02
Closure,1200,Closure,33b,03
Closure,1200,Closure,174b,00
Codec,1200,Codec,4b,02
Codec,1200,Codec,12b,00
Codec,1200,Codec,12b,01
Codec,1200,Codec,12b,02
Codec,1200,Codec,12b,03
Codec,1200,Codec,12b,04
Codec,1200,Codec,17b,00
Codec,1200,Codec,17b,01
Codec,1200,Codec,17b,02
Codec,1200,Codec,17b,03
Codec,1200,Codec,17b,04
Compress,1200,Compress,4b,00
Compress,1200,Compress,4b,01
Compress,1200,Compress,4b,02
Compress,1200,Compress,4b,03
Compress,1200,Compress,6b,00
Compress,1200,Compress,6b,01
Compress,1200,Compress,6b,02
Compress,1200,Compress,6b,03
Compress,1200,Compress,6b,04
Compress,1200,Compress,14b,00
Compress,1200,Compress,14b,01
Compress,1200,Compress,14b,02
Compress,1200,Compress,14b,03
Compress,1200,Compress,14b,04
Compress,1200,Compress,24b,02
Compress,1200,Compress,45b,00
Compress,1200,Compress,45b,01
Compress,1200,Compress,45b,02
Compress,1200,Compress,45b,03
Compress,1200,Compress,45b,04
Csv,1200,Csv,4b,00
Csv,1200,Csv,4b,01
Csv,1200,Csv,9b,00
Csv,1200,Csv,9b,01
Gson,1200,Gson,12b,00
Gson,1200,Gson,12b,01
Gson,1200,Gson,12b,02
Gson,1200,Gson,17b,00
Gson,1200,Gson,17b,01
Gson,1200,Gson,17b,02
JacksonCore,1200,JacksonCore,14b,00
JacksonCore,1200,JacksonCore,14b,01
JacksonCore,1200,JacksonCore,14b,02
JacksonCore,1200,JacksonCore,14b,03
JacksonCore,1200,JacksonCore,14b,04
JacksonCore,1200,JacksonCore,20b,00
JacksonCore,1200,JacksonCore,20b,01
JacksonCore,1200,JacksonCore,20b,02
JacksonCore,1200,JacksonCore,20b,03
JacksonDatabind,1200,JacksonDatabind,36b,00
JacksonDatabind,1200,JacksonDatabind,36b,03
JacksonDatabind,1200,JacksonDatabind,41b,00
JacksonXml,1200,JacksonXml,6b,00
Jsoup,1200,Jsoup,6b,00
Jsoup,1200,Jsoup,7b,00
Jsoup,1200,Jsoup,7b,01
Jsoup,1200,Jsoup,7b,02
Jsoup,1200,Jsoup,8b,00
Jsoup,1200,Jsoup,8b,01
Jsoup,1200,Jsoup,8b,02
Jsoup,1200,Jsoup,8b,03
Jsoup,1200,Jsoup,8b,04
Jsoup,1200,Jsoup,18b,00
Jsoup,1200,Jsoup,18b,01
Jsoup,1200,Jsoup,18b,02
Jsoup,1200,Jsoup,18b,03
Jsoup,1200,Jsoup,18b,04
Jsoup,1200,Jsoup,22b,00
Jsoup,1200,Jsoup,22b,01
Jsoup,1200,Jsoup,22b,02
Jsoup,1200,Jsoup,22b,03
Jsoup,1200,Jsoup,22b,04
Jsoup,1200,Jsoup,26b,00
Jsoup,1200,Jsoup,26b,01
Jsoup,1200,Jsoup,26b,02
Jsoup,1200,Jsoup,26b,03
Jsoup,1200,Jsoup,26b,04
Jsoup,1200,Jsoup,30b,01
Jsoup,1200,Jsoup,30b,02
Jsoup,1200,Jsoup,30b,03
Jsoup,1200,Jsoup,40b,00
Jsoup,1200,Jsoup,40b,01
Jsoup,1200,Jsoup,40b,02
Jsoup,1200,Jsoup,40b,03
Jsoup,1200,Jsoup,40b,04
Jsoup,1200,Jsoup,49b,00
Jsoup,1200,Jsoup,49b,01
Jsoup,1200,Jsoup,59b,01
Jsoup,1200,Jsoup,72b,00
Jsoup,1200,Jsoup,72b,01
Jsoup,1200,Jsoup,72b,02
Jsoup,1200,Jsoup,72b,03
Jsoup,1200,Jsoup,72b,04
Jsoup,1200,Jsoup,77b,00
Jsoup,1200,Jsoup,77b,03
Jsoup,1200,Jsoup,77b,04
Jsoup,1200,Jsoup,79b,00
Jsoup,1200,Jsoup,79b,01
Jsoup,1200,Jsoup,79b,02
Jsoup,1200,Jsoup,79b,03
Jsoup,1200,Jsoup,79b,04
Jsoup,1200,Jsoup,86b,00
Jsoup,1200,Jsoup,86b,01
Jsoup,1200,Jsoup,86b,03
Jsoup,1200,Jsoup,86b,04
Jsoup,1200,Jsoup,87b,04
Jsoup,1200,Jsoup,89b,00
Jsoup,1200,Jsoup,89b,01
Jsoup,1200,Jsoup,89b,02
Jsoup,1200,Jsoup,89b,03
Jsoup,1200,Jsoup,89b,04
JxPath,1200,JxPath,5b,00
JxPath,1200,JxPath,6b,04
JxPath,1200,JxPath,10b,00
Lang,1200,Lang,11b,00
Lang,1200,Lang,11b,01
Lang,1200,Lang,11b,03
Lang,1200,Lang,11b,04
Lang,1200,Lang,12b,02
Lang,1200,Lang,33b,01
Lang,1200,Lang,33b,02
Lang,1200,Lang,36b,01
Lang,1200,Lang,45b,00
Lang,1200,Lang,45b,01
Lang,1200,Lang,45b,02
Lang,1200,Lang,45b,03
Lang,1200,Lang,45b,04
Lang,1200,Lang,47b,00
Lang,1200,Lang,47b,01
Lang,1200,Lang,47b,02
Lang,1200,Lang,47b,03
Lang,1200,Lang,47b,04
Lang,1200,Lang,56b,00
Lang,1200,Lang,56b,01
Lang,1200,Lang,56b,02
Lang,1200,Lang,56b,03
Lang,1200,Lang,56b,04
Lang,1200,Lang,59b,00
Lang,1200,Lang,59b,01
Lang,1200,Lang,59b,02
Lang,1200,Lang,59b,03
Lang,1200,Lang,59b,04
Math,1200,Math,1b,00
Math,1200,Math,1b,01
Math,1200,Math,1b,02
Math,1200,Math,1b,03
Math,1200,Math,1b,04
Math,1200,Math,4b,03
Math,1200,Math,4b,04
Math,1200,Math,13b,00
Math,1200,Math,13b,02
Math,1200,Math,14b,00
Math,1200,Math,14b,02
Math,1200,Math,14b,03
Math,1200,Math,17b,00
Math,1200,Math,17b,01
Math,1200,Math,17b,02
Math,1200,Math,17b,03
Math,1200,Math,22b,04
Math,1200,Math,31b,01
Math,1200,Math,43b,03
Math,1200,Math,54b,01
Math,1200,Math,54b,03
Math,1200,Math,55b,00
Math,1200,Math,55b,01
Math,1200,Math,55b,02
Math,1200,Math,60b,02
Math,1200,Math,60b,03
Math,1200,Math,85b,02
Math,1200,Math,85b,04
Math,1200,Math,98b,00
Math,1200,Math,98b,01
Math,1200,Math,98b,02
Math,1200,Math,98b,03
Math,1200,Math,98b,04
Math,1200,Math,103b,00
Math,1200,Math,103b,01
Math,1200,Math,103b,02
Math,1200,Math,103b,03
Math,1200,Math,103b,04
Time,1200,Time,1b,00
Time,1200,Time,1b,01
Time,1200,Time,1b,02
Time,1200,Time,1b,03
Time,1200,Time,1b,04
Time,1200,Time,2b,00
Time,1200,Time,2b,01
Time,1200,Time,2b,02
Time,1200,Time,2b,03
Time,1200,Time,2b,04
Time,1200,Time,3b,01
Time,1200,Time,3b,04
Time,1200,Time,8b,04
Time,1200,Time,14b,01
Time,1200,Time,14b,03
Time,1200,Time,14b,04
